Index,Date_2019,Hour,Throughput_2019,Week Number,Weekday
0,5/28/19,10:00:00,0,22,Tuesday
1,5/29/19,10:00:00,0,22,Wednesday
2,5/30/19,10:00:00,0,22,Thursday
3,6/1/19,10:00:00,0,22,Saturday
4,6/2/19,10:00:00,0,22,Sunday
5,6/3/19,10:00:00,0,23,Monday
6,6/4/19,10:00:00,15,23,Tuesday
7,6/4/19,11:00:00,8,23,Tuesday
8,6/4/19,12:00:00,47,23,Tuesday
9,6/4/19,13:00:00,93,23,Tuesday
10,6/5/19,4:00:00,0,23,Wednesday
11,6/6/19,10:00:00,29,23,Thursday
12,6/6/19,11:00:00,36,23,Thursday
13,6/6/19,12:00:00,38,23,Thursday
14,6/6/19,13:00:00,15,23,Thursday
15,6/7/19,10:00:00,0,23,Friday
16,6/8/19,10:00:00,0,23,Saturday
17,6/9/19,10:00:00,0,23,Sunday
18,6/10/19,12:00:00,8,24,Monday
19,6/10/19,13:00:00,25,24,Monday
20,6/11/19,10:00:00,14,24,Tuesday
21,6/11/19,11:00:00,105,24,Tuesday
22,6/11/19,12:00:00,109,24,Tuesday
23,6/11/19,13:00:00,89,24,Tuesday
24,6/11/19,14:00:00,96,24,Tuesday
25,6/11/19,15:00:00,39,24,Tuesday
26,6/12/19,10:00:00,26,24,Wednesday
27,6/12/19,11:00:00,24,24,Wednesday
28,6/12/19,13:00:00,64,24,Wednesday
29,6/12/19,14:00:00,75,24,Wednesday
30,6/12/19,15:00:00,37,24,Wednesday
31,6/13/19,10:00:00,87,24,Thursday
32,6/13/19,11:00:00,89,24,Thursday
33,6/13/19,12:00:00,26,24,Thursday
34,6/13/19,13:00:00,43,24,Thursday
35,6/13/19,14:00:00,32,24,Thursday
36,6/13/19,15:00:00,21,24,Thursday
37,6/14/19,10:00:00,0,24,Friday
38,6/15/19,10:00:00,0,24,Saturday
39,6/16/19,10:00:00,0,24,Sunday
40,6/17/19,10:00:00,0,25,Monday
41,6/18/19,10:00:00,0,25,Tuesday
42,6/19/19,10:00:00,130,25,Wednesday
43,6/19/19,11:00:00,109,25,Wednesday
44,6/19/19,12:00:00,140,25,Wednesday
45,6/19/19,15:00:00,120,25,Wednesday
46,6/20/19,10:00:00,117,25,Thursday
47,6/20/19,11:00:00,164,25,Thursday
48,6/20/19,12:00:00,132,25,Thursday
49,6/20/19,13:00:00,107,25,Thursday
50,6/21/19,10:00:00,0,25,Friday
51,6/22/19,10:00:00,0,25,Saturday
52,6/23/19,10:00:00,63,25,Sunday
53,6/23/19,11:00:00,101,25,Sunday
54,6/23/19,12:00:00,115,25,Sunday
55,6/23/19,13:00:00,105,25,Sunday
56,6/24/19,10:00:00,66,26,Monday
57,6/24/19,11:00:00,108,26,Monday
58,6/24/19,12:00:00,106,26,Monday
59,6/24/19,13:00:00,28,26,Monday
60,6/25/19,10:00:00,71,26,Tuesday
61,6/25/19,11:00:00,114,26,Tuesday
62,6/25/19,12:00:00,129,26,Tuesday
63,6/25/19,13:00:00,129,26,Tuesday
64,6/26/19,10:00:00,33,26,Wednesday
65,6/26/19,11:00:00,114,26,Wednesday
66,6/26/19,12:00:00,120,26,Wednesday
67,6/26/19,13:00:00,110,26,Wednesday
68,6/27/19,10:00:00,99,26,Thursday
69,6/27/19,11:00:00,149,26,Thursday
70,6/27/19,12:00:00,81,26,Thursday
71,6/27/19,13:00:00,43,26,Thursday
72,6/28/19,10:00:00,0,26,Friday
73,6/29/19,10:00:00,0,26,Saturday
74,6/30/19,10:00:00,67,26,Sunday
75,6/30/19,11:00:00,48,26,Sunday
76,6/30/19,12:00:00,71,26,Sunday
77,6/30/19,13:00:00,29,26,Sunday
78,7/1/19,10:00:00,40,27,Monday
79,7/1/19,11:00:00,66,27,Monday
80,7/1/19,12:00:00,45,27,Monday
81,7/1/19,13:00:00,33,27,Monday
82,7/2/19,10:00:00,55,27,Tuesday
83,7/2/19,11:00:00,35,27,Tuesday
84,7/2/19,12:00:00,28,27,Tuesday
85,7/2/19,13:00:00,35,27,Tuesday
86,7/3/19,10:00:00,11,27,Wednesday
87,7/3/19,11:00:00,35,27,Wednesday
88,7/3/19,12:00:00,34,27,Wednesday
89,7/3/19,13:00:00,15,27,Wednesday
90,7/4/19,10:00:00,54,27,Thursday
91,7/4/19,11:00:00,16,27,Thursday
92,7/4/19,12:00:00,21,27,Thursday
93,7/4/19,13:00:00,24,27,Thursday
94,7/5/19,10:00:00,0,27,Friday
95,7/6/19,10:00:00,0,27,Saturday
96,7/7/19,10:00:00,50,27,Sunday
97,7/7/19,11:00:00,37,27,Sunday
98,7/7/19,12:00:00,26,27,Sunday
99,7/7/19,13:00:00,20,27,Sunday
100,7/8/19,10:00:00,20,28,Monday
101,7/8/19,11:00:00,46,28,Monday
102,7/8/19,12:00:00,71,28,Monday
103,7/8/19,13:00:00,25,28,Monday
104,7/9/19,10:00:00,45,28,Tuesday
105,7/9/19,11:00:00,57,28,Tuesday
106,7/9/19,12:00:00,64,28,Tuesday
107,7/9/19,13:00:00,39,28,Tuesday
108,7/10/19,10:00:00,28,28,Wednesday
109,7/10/19,11:00:00,41,28,Wednesday
110,7/10/19,12:00:00,82,28,Wednesday
111,7/10/19,13:00:00,36,28,Wednesday
112,7/11/19,10:00:00,109,28,Thursday
113,7/11/19,11:00:00,65,28,Thursday
114,7/11/19,12:00:00,52,28,Thursday
115,7/11/19,13:00:00,29,28,Thursday
116,7/12/19,10:00:00,0,28,Friday
117,7/13/19,10:00:00,0,28,Saturday
118,7/14/19,10:00:00,37,28,Sunday
119,7/14/19,11:00:00,12,28,Sunday
120,7/14/19,12:00:00,16,28,Sunday
121,7/14/19,13:00:00,2,28,Sunday
122,7/15/19,10:00:00,70,29,Monday
123,7/15/19,11:00:00,34,29,Monday
124,7/15/19,12:00:00,36,29,Monday
125,7/15/19,13:00:00,30,29,Monday
126,7/16/19,10:00:00,30,29,Tuesday
127,7/16/19,11:00:00,61,29,Tuesday
128,7/16/19,12:00:00,46,29,Tuesday
129,7/16/19,13:00:00,34,29,Tuesday
130,7/17/19,10:00:00,21,29,Wednesday
131,7/17/19,11:00:00,23,29,Wednesday
132,7/17/19,12:00:00,79,29,Wednesday
133,7/17/19,13:00:00,27,29,Wednesday
134,7/18/19,10:00:00,54,29,Thursday
135,7/18/19,11:00:00,58,29,Thursday
136,7/18/19,12:00:00,39,29,Thursday
137,7/18/19,13:00:00,24,29,Thursday
138,7/19/19,10:00:00,0,29,Friday
139,7/20/19,10:00:00,0,29,Saturday
140,7/21/19,10:00:00,23,29,Sunday
141,7/21/19,11:00:00,36,29,Sunday
142,7/21/19,12:00:00,69,29,Sunday
143,7/21/19,13:00:00,5,29,Sunday
144,7/22/19,10:00:00,17,30,Monday
145,7/22/19,11:00:00,15,30,Monday
146,7/22/19,12:00:00,7,30,Monday
147,7/22/19,13:00:00,9,30,Monday
148,7/23/19,10:00:00,18,30,Tuesday
149,7/23/19,11:00:00,26,30,Tuesday
150,7/23/19,12:00:00,11,30,Tuesday
151,7/23/19,13:00:00,9,30,Tuesday
152,7/24/19,10:00:00,1,30,Wednesday
153,7/24/19,11:00:00,13,30,Wednesday
154,7/24/19,12:00:00,22,30,Wednesday
155,7/24/19,13:00:00,3,30,Wednesday
156,7/25/19,10:00:00,4,30,Thursday
157,7/25/19,11:00:00,30,30,Thursday
158,7/25/19,12:00:00,62,30,Thursday
159,7/25/19,13:00:00,54,30,Thursday
160,7/26/19,10:00:00,0,30,Friday
161,7/27/19,10:00:00,0,30,Saturday
162,7/28/19,10:00:00,10,30,Sunday
163,7/28/19,11:00:00,11,30,Sunday
164,7/28/19,12:00:00,48,30,Sunday
165,7/28/19,13:00:00,89,30,Sunday
166,7/29/19,10:00:00,120,31,Monday
167,7/29/19,11:00:00,40,31,Monday
168,7/29/19,12:00:00,34,31,Monday
169,7/29/19,13:00:00,107,31,Monday
170,7/30/19,10:00:00,0,31,Tuesday
171,7/31/19,10:00:00,24,31,Wednesday
172,7/31/19,11:00:00,144,31,Wednesday
173,7/31/19,12:00:00,71,31,Wednesday
174,7/31/19,13:00:00,89,31,Wednesday
175,8/1/19,10:00:00,80,31,Thursday
176,8/1/19,11:00:00,216,31,Thursday
177,8/1/19,12:00:00,238,31,Thursday
178,8/1/19,13:00:00,185,31,Thursday
179,8/2/19,10:00:00,0,31,Friday
180,8/3/19,10:00:00,0,31,Saturday
181,8/4/19,10:00:00,15,31,Sunday
182,8/4/19,11:00:00,73,31,Sunday
183,8/4/19,12:00:00,46,31,Sunday
184,8/4/19,13:00:00,7,31,Sunday
185,8/5/19,10:00:00,110,32,Monday
186,8/5/19,11:00:00,90,32,Monday
187,8/5/19,12:00:00,85,32,Monday
188,8/5/19,13:00:00,23,32,Monday
189,8/6/19,10:00:00,0,32,Tuesday
190,8/7/19,10:00:00,0,32,Wednesday
191,8/8/19,10:00:00,0,32,Thursday
192,8/9/19,10:00:00,0,32,Friday
193,8/10/19,10:00:00,0,32,Saturday
194,8/11/19,10:00:00,104,32,Sunday
195,8/11/19,11:00:00,41,32,Sunday
196,8/11/19,12:00:00,16,32,Sunday
197,8/11/19,13:00:00,5,32,Sunday
198,8/12/19,10:00:00,41,33,Monday
199,8/12/19,11:00:00,4,33,Monday
200,8/12/19,12:00:00,0,33,Monday
201,8/12/19,13:00:00,0,33,Monday
202,8/13/19,10:00:00,41,33,Tuesday
203,8/13/19,11:00:00,111,33,Tuesday
204,8/13/19,12:00:00,24,33,Tuesday
205,8/13/19,13:00:00,79,33,Tuesday
206,8/14/19,10:00:00,83,33,Wednesday
207,8/14/19,11:00:00,121,33,Wednesday
208,8/14/19,12:00:00,135,33,Wednesday
209,8/14/19,13:00:00,81,33,Wednesday
210,8/15/19,10:00:00,44,33,Thursday
211,8/15/19,11:00:00,117,33,Thursday
212,8/15/19,12:00:00,51,33,Thursday
213,8/15/19,13:00:00,25,33,Thursday
214,8/16/19,10:00:00,0,33,Friday
215,8/17/19,10:00:00,0,33,Saturday
216,8/18/19,10:00:00,33,33,Sunday
217,8/18/19,11:00:00,18,33,Sunday
218,8/18/19,12:00:00,79,33,Sunday
219,8/18/19,13:00:00,55,33,Sunday
220,8/19/19,10:00:00,86,34,Monday
221,8/19/19,11:00:00,115,34,Monday
222,8/19/19,12:00:00,97,34,Monday
223,8/19/19,13:00:00,14,34,Monday
224,8/20/19,10:00:00,57,34,Tuesday
225,8/20/19,11:00:00,73,34,Tuesday
226,8/20/19,12:00:00,64,34,Tuesday
227,8/20/19,13:00:00,34,34,Tuesday
228,8/21/19,10:00:00,4,34,Wednesday
229,8/21/19,11:00:00,42,34,Wednesday
230,8/21/19,12:00:00,84,34,Wednesday
231,8/21/19,13:00:00,41,34,Wednesday
232,8/22/19,10:00:00,92,34,Thursday
233,8/22/19,11:00:00,68,34,Thursday
234,8/22/19,12:00:00,21,34,Thursday
235,8/22/19,13:00:00,46,34,Thursday
236,8/22/19,14:00:00,38,34,Thursday
237,8/22/19,15:00:00,2,34,Thursday
238,8/23/19,10:00:00,0,34,Friday
239,8/24/19,10:00:00,0,34,Saturday
240,8/25/19,10:00:00,77,34,Sunday
241,8/25/19,11:00:00,88,34,Sunday
242,8/25/19,12:00:00,70,34,Sunday
243,8/25/19,13:00:00,8,34,Sunday
244,8/26/19,10:00:00,109,35,Monday
245,8/26/19,11:00:00,16,35,Monday
246,8/26/19,12:00:00,29,35,Monday
247,8/26/19,13:00:00,117,35,Monday
248,8/27/19,10:00:00,56,35,Tuesday
249,8/27/19,11:00:00,130,35,Tuesday
250,8/27/19,12:00:00,83,35,Tuesday
251,8/27/19,13:00:00,26,35,Tuesday
252,8/27/19,15:00:00,64,35,Tuesday
253,8/28/19,10:00:00,39,35,Wednesday
254,8/28/19,11:00:00,42,35,Wednesday
255,8/28/19,12:00:00,66,35,Wednesday
256,8/28/19,13:00:00,28,35,Wednesday
257,8/28/19,14:00:00,7,35,Wednesday
258,8/29/19,10:00:00,28,35,Thursday
259,8/29/19,11:00:00,26,35,Thursday
260,8/29/19,12:00:00,26,35,Thursday
261,8/29/19,13:00:00,25,35,Thursday
262,8/29/19,14:00:00,62,35,Thursday
263,8/29/19,15:00:00,56,35,Thursday
264,8/30/19,10:00:00,0,35,Friday
265,8/31/19,10:00:00,0,35,Saturday
266,9/1/19,10:00:00,0,35,Sunday
267,9/2/19,10:00:00,0,36,Monday
268,9/3/19,10:00:00,0,36,Tuesday
269,9/4/19,10:00:00,55,36,Wednesday
270,9/4/19,11:00:00,58,36,Wednesday
271,9/4/19,12:00:00,17,36,Wednesday
272,9/4/19,13:00:00,3,36,Wednesday
273,9/5/19,10:00:00,52,36,Thursday
274,9/5/19,11:00:00,100,36,Thursday
275,9/5/19,12:00:00,42,36,Thursday
276,9/5/19,13:00:00,101,36,Thursday
277,9/6/19,10:00:00,0,36,Friday
278,9/7/19,10:00:00,0,36,Saturday
279,9/8/19,10:00:00,82,36,Sunday
280,9/8/19,11:00:00,102,36,Sunday
281,9/8/19,12:00:00,100,36,Sunday
282,9/8/19,13:00:00,90,36,Sunday
283,9/9/19,10:00:00,36,37,Monday
284,9/9/19,11:00:00,37,37,Monday
285,9/9/19,12:00:00,18,37,Monday
286,9/9/19,13:00:00,5,37,Monday
287,9/10/19,10:00:00,63,37,Tuesday
288,9/10/19,11:00:00,115,37,Tuesday
289,9/10/19,12:00:00,46,37,Tuesday
290,9/10/19,13:00:00,11,37,Tuesday
291,9/11/19,10:00:00,13,37,Wednesday
292,9/11/19,11:00:00,40,37,Wednesday
293,9/11/19,12:00:00,25,37,Wednesday
294,9/11/19,13:00:00,12,37,Wednesday
295,9/12/19,10:00:00,75,37,Thursday
296,9/12/19,11:00:00,75,37,Thursday
297,9/12/19,12:00:00,75,37,Thursday
298,9/12/19,13:00:00,22,37,Thursday
299,9/13/19,10:00:00,0,37,Friday
300,9/14/19,10:00:00,0,37,Saturday
301,9/15/19,10:00:00,24,37,Sunday
302,9/15/19,11:00:00,11,37,Sunday
303,9/15/19,12:00:00,28,37,Sunday
304,9/15/19,13:00:00,144,37,Sunday
305,9/16/19,10:00:00,11,38,Monday
306,9/16/19,11:00:00,16,38,Monday
307,9/16/19,12:00:00,13,38,Monday
308,9/16/19,13:00:00,18,38,Monday
309,9/17/19,10:00:00,27,38,Tuesday
310,9/17/19,11:00:00,65,38,Tuesday
311,9/17/19,12:00:00,103,38,Tuesday
312,9/17/19,13:00:00,140,38,Tuesday
313,9/18/19,10:00:00,7,38,Wednesday
314,9/18/19,11:00:00,87,38,Wednesday
315,9/18/19,12:00:00,161,38,Wednesday
316,9/18/19,13:00:00,3,38,Wednesday
317,9/19/19,10:00:00,63,38,Thursday
318,9/19/19,11:00:00,11,38,Thursday
319,9/19/19,12:00:00,63,38,Thursday
320,9/19/19,13:00:00,41,38,Thursday
321,9/20/19,10:00:00,0,38,Friday
322,9/21/19,10:00:00,0,38,Saturday
323,9/22/19,10:00:00,99,38,Sunday
324,9/22/19,11:00:00,264,38,Sunday
325,9/22/19,12:00:00,257,38,Sunday
326,9/22/19,13:00:00,3,38,Sunday
327,9/23/19,10:00:00,22,39,Monday
328,9/23/19,11:00:00,50,39,Monday
329,9/23/19,12:00:00,33,39,Monday
330,9/23/19,13:00:00,10,39,Monday
331,9/24/19,10:00:00,82,39,Tuesday
332,9/24/19,11:00:00,130,39,Tuesday
333,9/24/19,12:00:00,100,39,Tuesday
334,9/24/19,13:00:00,32,39,Tuesday
335,9/25/19,10:00:00,55,39,Wednesday
336,9/25/19,11:00:00,126,39,Wednesday
337,9/25/19,12:00:00,45,39,Wednesday
338,9/25/19,13:00:00,9,39,Wednesday
339,9/26/19,10:00:00,235,39,Thursday
340,9/26/19,11:00:00,132,39,Thursday
341,9/26/19,12:00:00,159,39,Thursday
342,9/26/19,13:00:00,127,39,Thursday
343,9/27/19,10:00:00,0,39,Friday
344,9/28/19,10:00:00,0,39,Saturday
345,9/29/19,10:00:00,51,39,Sunday
346,9/29/19,11:00:00,65,39,Sunday
347,9/29/19,12:00:00,59,39,Sunday
348,9/29/19,13:00:00,62,39,Sunday
349,9/30/19,10:00:00,118,40,Monday
350,9/30/19,11:00:00,77,40,Monday
351,9/30/19,12:00:00,89,40,Monday
352,9/30/19,13:00:00,47,40,Monday
353,10/1/19,10:00:00,15,40,Tuesday
354,10/1/19,11:00:00,31,40,Tuesday
355,10/1/19,12:00:00,29,40,Tuesday
356,10/1/19,13:00:00,60,40,Tuesday
357,10/2/19,10:00:00,73,40,Wednesday
358,10/2/19,11:00:00,100,40,Wednesday
359,10/2/19,12:00:00,68,40,Wednesday
360,10/2/19,13:00:00,43,40,Wednesday
361,10/3/19,10:00:00,136,40,Thursday
362,10/3/19,11:00:00,244,40,Thursday
363,10/3/19,12:00:00,146,40,Thursday
364,10/3/19,13:00:00,64,40,Thursday
365,10/4/19,10:00:00,0,40,Friday
366,10/5/19,10:00:00,0,40,Saturday
367,10/6/19,10:00:00,161,40,Sunday
368,10/6/19,11:00:00,325,40,Sunday
369,10/6/19,12:00:00,284,40,Sunday
370,10/6/19,13:00:00,91,40,Sunday
371,10/7/19,10:00:00,180,41,Monday
372,10/7/19,11:00:00,172,41,Monday
373,10/7/19,12:00:00,226,41,Monday
374,10/7/19,13:00:00,21,41,Monday
375,10/8/19,10:00:00,100,41,Tuesday
376,10/8/19,11:00:00,246,41,Tuesday
377,10/8/19,12:00:00,73,41,Tuesday
378,10/8/19,13:00:00,51,41,Tuesday
379,10/9/19,10:00:00,92,41,Wednesday
380,10/9/19,11:00:00,154,41,Wednesday
381,10/9/19,12:00:00,73,41,Wednesday
382,10/9/19,13:00:00,20,41,Wednesday
383,10/10/19,10:00:00,227,41,Thursday
384,10/10/19,11:00:00,201,41,Thursday
385,10/10/19,12:00:00,144,41,Thursday
386,10/10/19,13:00:00,52,41,Thursday
387,10/11/19,10:00:00,0,41,Friday
388,10/12/19,10:00:00,0,41,Saturday
389,10/13/19,10:00:00,187,41,Sunday
390,10/13/19,11:00:00,223,41,Sunday
391,10/13/19,12:00:00,208,41,Sunday
392,10/13/19,13:00:00,188,41,Sunday
393,10/14/19,10:00:00,280,42,Monday
394,10/14/19,11:00:00,220,42,Monday
395,10/14/19,12:00:00,221,42,Monday
396,10/14/19,13:00:00,95,42,Monday
397,10/15/19,10:00:00,190,42,Tuesday
398,10/15/19,11:00:00,84,42,Tuesday
399,10/15/19,12:00:00,103,42,Tuesday
400,10/15/19,13:00:00,116,42,Tuesday
401,10/16/19,10:00:00,171,42,Wednesday
402,10/16/19,11:00:00,132,42,Wednesday
403,10/16/19,12:00:00,99,42,Wednesday
404,10/16/19,13:00:00,93,42,Wednesday
405,10/17/19,10:00:00,116,42,Thursday
406,10/17/19,11:00:00,231,42,Thursday
407,10/17/19,12:00:00,295,42,Thursday
408,10/17/19,13:00:00,143,42,Thursday
409,10/18/19,10:00:00,0,42,Friday
410,10/19/19,10:00:00,0,42,Saturday
411,10/20/19,9:00:00,60,42,Sunday
412,10/20/19,10:00:00,172,42,Sunday
413,10/20/19,11:00:00,191,42,Sunday
414,10/20/19,12:00:00,121,42,Sunday
415,10/20/19,13:00:00,178,42,Sunday
416,10/21/19,9:00:00,93,43,Monday
417,10/21/19,10:00:00,191,43,Monday
418,10/21/19,11:00:00,238,43,Monday
419,10/21/19,12:00:00,101,43,Monday
420,10/21/19,13:00:00,78,43,Monday
421,10/22/19,10:00:00,193,43,Tuesday
422,10/22/19,11:00:00,226,43,Tuesday
423,10/22/19,12:00:00,99,43,Tuesday
424,10/22/19,13:00:00,132,43,Tuesday
425,10/23/19,10:00:00,78,43,Wednesday
426,10/23/19,11:00:00,61,43,Wednesday
427,10/23/19,12:00:00,79,43,Wednesday
428,10/23/19,13:00:00,19,43,Wednesday
429,10/24/19,10:00:00,219,43,Thursday
430,10/24/19,11:00:00,277,43,Thursday
431,10/24/19,12:00:00,328,43,Thursday
432,10/24/19,13:00:00,163,43,Thursday
433,10/25/19,10:00:00,0,43,Friday
434,10/27/19,9:00:00,59,43,Sunday
435,10/27/19,10:00:00,187,43,Sunday
436,10/27/19,11:00:00,221,43,Sunday
437,10/27/19,12:00:00,150,43,Sunday
438,10/27/19,13:00:00,31,43,Sunday
439,10/28/19,10:00:00,108,44,Monday
440,10/28/19,11:00:00,118,44,Monday
441,10/28/19,12:00:00,32,44,Monday
442,10/28/19,13:00:00,21,44,Monday
443,10/29/19,9:00:00,114,44,Tuesday
444,10/29/19,10:00:00,121,44,Tuesday
445,10/29/19,11:00:00,167,44,Tuesday
446,10/29/19,12:00:00,133,44,Tuesday
447,10/29/19,13:00:00,83,44,Tuesday
448,10/30/19,9:00:00,106,44,Wednesday
449,10/30/19,10:00:00,140,44,Wednesday
450,10/30/19,11:00:00,78,44,Wednesday
451,10/30/19,12:00:00,73,44,Wednesday
452,10/30/19,13:00:00,87,44,Wednesday
453,10/31/19,9:00:00,119,44,Thursday
454,10/31/19,10:00:00,186,44,Thursday
455,10/31/19,11:00:00,227,44,Thursday
456,10/31/19,12:00:00,179,44,Thursday
457,11/1/19,9:00:00,0,44,Friday
458,11/2/19,9:00:00,0,44,Saturday
459,11/3/19,9:00:00,114,44,Sunday
460,11/3/19,10:00:00,189,44,Sunday
461,11/3/19,11:00:00,187,44,Sunday
462,11/3/19,12:00:00,240,44,Sunday
463,11/3/19,13:00:00,12,44,Sunday
464,11/4/19,9:00:00,178,45,Monday
465,11/4/19,10:00:00,161,45,Monday
466,11/4/19,11:00:00,222,45,Monday
467,11/4/19,12:00:00,235,45,Monday
468,11/4/19,13:00:00,49,45,Monday
469,11/5/19,9:00:00,64,45,Tuesday
470,11/5/19,10:00:00,79,45,Tuesday
471,11/5/19,11:00:00,231,45,Tuesday
472,11/5/19,12:00:00,63,45,Tuesday
473,11/5/19,13:00:00,19,45,Tuesday
474,11/6/19,9:00:00,48,45,Wednesday
475,11/6/19,10:00:00,93,45,Wednesday
476,11/6/19,11:00:00,118,45,Wednesday
477,11/6/19,12:00:00,95,45,Wednesday
478,11/6/19,13:00:00,34,45,Wednesday
479,11/7/19,9:00:00,170,45,Thursday
480,11/7/19,10:00:00,158,45,Thursday
481,11/7/19,11:00:00,163,45,Thursday
482,11/7/19,12:00:00,141,45,Thursday
483,11/7/19,13:00:00,92,45,Thursday
484,11/8/19,10:00:00,0,45,Friday
485,11/9/19,10:00:00,0,45,Saturday
486,11/10/19,9:00:00,214,45,Sunday
487,11/10/19,10:00:00,184,45,Sunday
488,11/10/19,11:00:00,221,45,Sunday
489,11/10/19,12:00:00,206,45,Sunday
490,11/11/19,9:00:00,80,46,Monday
491,11/11/19,10:00:00,90,46,Monday
492,11/11/19,11:00:00,258,46,Monday
493,11/11/19,12:00:00,127,46,Monday
494,11/12/19,10:00:00,0,46,Tuesday
495,11/13/19,9:00:00,0,46,Wednesday
496,11/15/19,9:00:00,0,46,Friday
497,11/16/19,9:00:00,0,46,Saturday
498,11/17/19,9:00:00,164,46,Sunday
499,11/17/19,10:00:00,235,46,Sunday
500,11/17/19,11:00:00,225,46,Sunday
501,11/17/19,12:00:00,310,46,Sunday
502,11/18/19,9:00:00,102,47,Monday
503,11/18/19,10:00:00,85,47,Monday
504,11/18/19,11:00:00,219,47,Monday
505,11/18/19,12:00:00,223,47,Monday
506,11/19/19,9:00:00,92,47,Tuesday
507,11/19/19,10:00:00,157,47,Tuesday
508,11/19/19,11:00:00,138,47,Tuesday
509,11/19/19,12:00:00,98,47,Tuesday
510,11/20/19,9:00:00,129,47,Wednesday
511,11/20/19,10:00:00,100,47,Wednesday
512,11/20/19,11:00:00,171,47,Wednesday
513,11/20/19,12:00:00,113,47,Wednesday
514,11/21/19,9:00:00,76,47,Thursday
515,11/21/19,10:00:00,131,47,Thursday
516,11/21/19,11:00:00,207,47,Thursday
517,11/21/19,12:00:00,137,47,Thursday
518,11/22/19,9:00:00,0,47,Friday
519,11/23/19,9:00:00,0,47,Saturday
520,11/24/19,9:00:00,106,47,Sunday
521,11/24/19,10:00:00,102,47,Sunday
522,11/24/19,11:00:00,157,47,Sunday
523,11/24/19,12:00:00,211,47,Sunday
524,11/25/19,9:00:00,66,48,Monday
525,11/25/19,10:00:00,112,48,Monday
526,11/25/19,11:00:00,151,48,Monday
527,11/25/19,12:00:00,141,48,Monday
528,11/26/19,9:00:00,114,48,Tuesday
529,11/26/19,10:00:00,113,48,Tuesday
530,11/26/19,11:00:00,197,48,Tuesday
531,11/26/19,12:00:00,124,48,Tuesday
532,11/27/19,9:00:00,57,48,Wednesday
533,11/27/19,10:00:00,19,48,Wednesday
534,11/27/19,11:00:00,30,48,Wednesday
535,11/27/19,12:00:00,30,48,Wednesday
536,11/28/19,9:00:00,124,48,Thursday
537,11/28/19,10:00:00,141,48,Thursday
538,11/28/19,11:00:00,122,48,Thursday
539,11/28/19,12:00:00,20,48,Thursday
540,11/29/19,9:00:00,0,48,Friday
541,11/30/19,9:00:00,0,48,Saturday
542,12/1/19,9:00:00,208,48,Sunday
543,12/1/19,10:00:00,84,48,Sunday
544,12/1/19,11:00:00,320,48,Sunday
545,12/1/19,12:00:00,302,48,Sunday
546,12/2/19,9:00:00,155,49,Monday
547,12/2/19,10:00:00,197,49,Monday
548,12/2/19,11:00:00,227,49,Monday
549,12/2/19,12:00:00,292,49,Monday
550,12/3/19,9:00:00,83,49,Tuesday
551,12/3/19,10:00:00,91,49,Tuesday
552,12/3/19,11:00:00,108,49,Tuesday
553,12/3/19,12:00:00,72,49,Tuesday
554,12/4/19,10:00:00,0,49,Wednesday
555,12/5/19,9:00:00,34,49,Thursday
556,12/5/19,10:00:00,82,49,Thursday
557,12/5/19,11:00:00,124,49,Thursday
558,12/5/19,12:00:00,44,49,Thursday
559,12/6/19,10:00:00,0,49,Friday
560,12/7/19,9:00:00,0,49,Saturday
561,12/8/19,9:00:00,89,49,Sunday
562,12/8/19,10:00:00,123,49,Sunday
563,12/8/19,11:00:00,121,49,Sunday
564,12/8/19,12:00:00,121,49,Sunday
565,12/9/19,9:00:00,92,50,Monday
566,12/9/19,10:00:00,156,50,Monday
567,12/9/19,11:00:00,141,50,Monday
568,12/9/19,12:00:00,158,50,Monday
569,12/10/19,9:00:00,77,50,Tuesday
570,12/10/19,10:00:00,59,50,Tuesday
571,12/10/19,11:00:00,107,50,Tuesday
572,12/10/19,12:00:00,67,50,Tuesday
573,12/11/19,9:00:00,73,50,Wednesday
574,12/11/19,10:00:00,132,50,Wednesday
575,12/11/19,11:00:00,137,50,Wednesday
576,12/11/19,12:00:00,57,50,Wednesday
577,12/12/19,11:00:00,390,50,Thursday
578,12/12/19,13:00:00,300,50,Thursday
579,12/13/19,10:00:00,0,50,Friday
580,12/14/19,9:00:00,0,50,Saturday
581,12/15/19,9:00:00,139,50,Sunday
582,12/15/19,10:00:00,181,50,Sunday
583,12/15/19,11:00:00,280,50,Sunday
584,12/15/19,12:00:00,288,50,Sunday
585,12/16/19,9:00:00,251,51,Monday
586,12/16/19,10:00:00,200,51,Monday
587,12/16/19,11:00:00,260,51,Monday
588,12/16/19,12:00:00,258,51,Monday
589,12/16/19,13:00:00,218,51,Monday
590,12/17/19,9:00:00,96,51,Tuesday
591,12/17/19,10:00:00,105,51,Tuesday
592,12/17/19,11:00:00,211,51,Tuesday
593,12/17/19,12:00:00,133,51,Tuesday
594,12/18/19,9:00:00,28,51,Wednesday
595,12/18/19,10:00:00,35,51,Wednesday
596,12/18/19,11:00:00,93,51,Wednesday
597,12/18/19,12:00:00,33,51,Wednesday
598,12/19/19,9:00:00,72,51,Thursday
599,12/19/19,10:00:00,116,51,Thursday
600,12/19/19,11:00:00,257,51,Thursday
601,12/19/19,12:00:00,39,51,Thursday
602,12/20/19,9:00:00,0,51,Friday
603,12/21/19,9:00:00,0,51,Saturday
604,12/22/19,9:00:00,117,51,Sunday
605,12/22/19,10:00:00,198,51,Sunday
606,12/22/19,11:00:00,189,51,Sunday
607,12/22/19,12:00:00,169,51,Sunday
608,12/23/19,9:00:00,90,52,Monday
609,12/23/19,10:00:00,159,52,Monday
610,12/23/19,11:00:00,197,52,Monday
611,12/23/19,12:00:00,192,52,Monday
612,12/24/19,9:00:00,106,52,Tuesday
613,12/24/19,10:00:00,133,52,Tuesday
614,12/24/19,11:00:00,160,52,Tuesday
615,12/24/19,12:00:00,112,52,Tuesday
616,12/25/19,9:00:00,46,52,Wednesday
617,12/25/19,10:00:00,66,52,Wednesday
618,12/25/19,11:00:00,88,52,Wednesday
619,12/25/19,12:00:00,28,52,Wednesday
620,12/26/19,9:00:00,57,52,Thursday
621,12/26/19,10:00:00,168,52,Thursday
622,12/26/19,11:00:00,250,52,Thursday
623,12/26/19,12:00:00,248,52,Thursday
624,12/27/19,10:00:00,0,52,Friday
625,12/28/19,8:00:00,0,52,Saturday
626,12/29/19,9:00:00,95,52,Sunday
627,12/29/19,10:00:00,165,52,Sunday
628,12/29/19,11:00:00,265,52,Sunday
629,12/29/19,12:00:00,158,52,Sunday
630,12/30/19,9:00:00,137,1,Monday
631,12/30/19,10:00:00,217,1,Monday
632,12/30/19,11:00:00,260,1,Monday
633,12/30/19,12:00:00,262,1,Monday
634,12/31/19,9:00:00,174,1,Tuesday
635,12/31/19,10:00:00,132,1,Tuesday
636,12/31/19,11:00:00,156,1,Tuesday
637,12/31/19,12:00:00,216,1,Tuesday