Index,Date_2015,Hour,Throughput_2015,Week Number,Weekday
0,1/11/15,6:00:00,151,2,Sunday
1,1/11/15,7:00:00,47,2,Sunday
2,1/11/15,8:00:00,47,2,Sunday
3,1/11/15,9:00:00,73,2,Sunday
4,1/11/15,10:00:00,53,2,Sunday
5,1/11/15,11:00:00,47,2,Sunday
6,1/11/15,12:00:00,70,2,Sunday
7,1/11/15,13:00:00,98,2,Sunday
8,1/11/15,14:00:00,170,2,Sunday
9,1/11/15,15:00:00,128,2,Sunday
10,1/11/15,16:00:00,46,2,Sunday
11,1/11/15,17:00:00,65,2,Sunday
12,1/11/15,18:00:00,112,2,Sunday
13,1/11/15,19:00:00,152,2,Sunday
14,1/11/15,20:00:00,158,2,Sunday
15,1/11/15,21:00:00,116,2,Sunday
16,1/12/15,6:00:00,166,3,Monday
17,1/12/15,7:00:00,58,3,Monday
18,1/12/15,8:00:00,58,3,Monday
19,1/12/15,9:00:00,120,3,Monday
20,1/12/15,10:00:00,104,3,Monday
21,1/12/15,11:00:00,69,3,Monday
22,1/12/15,12:00:00,89,3,Monday
23,1/12/15,13:00:00,161,3,Monday
24,1/12/15,14:00:00,138,3,Monday
25,1/12/15,15:00:00,149,3,Monday
26,1/12/15,16:00:00,70,3,Monday
27,1/12/15,17:00:00,105,3,Monday
28,1/12/15,18:00:00,78,3,Monday
29,1/12/15,19:00:00,134,3,Monday
30,1/12/15,20:00:00,132,3,Monday
31,1/12/15,21:00:00,210,3,Monday
32,1/13/15,6:00:00,171,3,Tuesday
33,1/13/15,7:00:00,38,3,Tuesday
34,1/13/15,8:00:00,47,3,Tuesday
35,1/13/15,9:00:00,74,3,Tuesday
36,1/13/15,10:00:00,87,3,Tuesday
37,1/13/15,11:00:00,87,3,Tuesday
38,1/13/15,12:00:00,122,3,Tuesday
39,1/13/15,13:00:00,122,3,Tuesday
40,1/13/15,14:00:00,140,3,Tuesday
41,1/13/15,15:00:00,103,3,Tuesday
42,1/13/15,16:00:00,36,3,Tuesday
43,1/13/15,17:00:00,104,3,Tuesday
44,1/13/15,18:00:00,96,3,Tuesday
45,1/13/15,19:00:00,84,3,Tuesday
46,1/13/15,20:00:00,214,3,Tuesday
47,1/13/15,21:00:00,160,3,Tuesday
48,1/14/15,6:00:00,190,3,Wednesday
49,1/14/15,7:00:00,20,3,Wednesday
50,1/14/15,8:00:00,74,3,Wednesday
51,1/14/15,9:00:00,104,3,Wednesday
52,1/14/15,10:00:00,133,3,Wednesday
53,1/14/15,11:00:00,63,3,Wednesday
54,1/14/15,12:00:00,90,3,Wednesday
55,1/14/15,13:00:00,145,3,Wednesday
56,1/14/15,14:00:00,55,3,Wednesday
57,1/14/15,15:00:00,99,3,Wednesday
58,1/14/15,16:00:00,105,3,Wednesday
59,1/14/15,17:00:00,76,3,Wednesday
60,1/14/15,18:00:00,126,3,Wednesday
61,1/14/15,19:00:00,123,3,Wednesday
62,1/14/15,20:00:00,154,3,Wednesday
63,1/14/15,21:00:00,194,3,Wednesday
64,1/15/15,6:00:00,160,3,Thursday
65,1/15/15,7:00:00,31,3,Thursday
66,1/15/15,8:00:00,36,3,Thursday
67,1/15/15,9:00:00,137,3,Thursday
68,1/15/15,10:00:00,72,3,Thursday
69,1/15/15,11:00:00,70,3,Thursday
70,1/15/15,12:00:00,73,3,Thursday
71,1/15/15,13:00:00,182,3,Thursday
72,1/15/15,14:00:00,126,3,Thursday
73,1/15/15,15:00:00,85,3,Thursday
74,1/15/15,16:00:00,57,3,Thursday
75,1/15/15,17:00:00,109,3,Thursday
76,1/15/15,18:00:00,72,3,Thursday
77,1/15/15,19:00:00,108,3,Thursday
78,1/15/15,20:00:00,159,3,Thursday
79,1/15/15,21:00:00,194,3,Thursday
80,1/16/15,6:00:00,159,3,Friday
81,1/16/15,7:00:00,39,3,Friday
82,1/16/15,8:00:00,46,3,Friday
83,1/16/15,9:00:00,114,3,Friday
84,1/16/15,10:00:00,82,3,Friday
85,1/16/15,11:00:00,21,3,Friday
86,1/16/15,12:00:00,65,3,Friday
87,1/16/15,13:00:00,106,3,Friday
88,1/16/15,14:00:00,132,3,Friday
89,1/16/15,15:00:00,66,3,Friday
90,1/16/15,16:00:00,33,3,Friday
91,1/17/15,6:00:00,309,3,Saturday
92,1/17/15,7:00:00,15,3,Saturday
93,1/17/15,8:00:00,36,3,Saturday
94,1/17/15,9:00:00,71,3,Saturday
95,1/17/15,10:00:00,63,3,Saturday
96,1/17/15,11:00:00,18,3,Saturday
97,1/17/15,12:00:00,86,3,Saturday
98,1/17/15,13:00:00,107,3,Saturday
99,1/17/15,14:00:00,119,3,Saturday
100,1/17/15,15:00:00,42,3,Saturday
101,1/17/15,16:00:00,55,3,Saturday
102,1/17/15,17:00:00,63,3,Saturday
103,1/17/15,18:00:00,88,3,Saturday
104,1/17/15,19:00:00,132,3,Saturday
105,1/17/15,20:00:00,114,3,Saturday
106,1/17/15,21:00:00,103,3,Saturday
107,1/18/15,6:00:00,135,3,Sunday
108,1/18/15,7:00:00,43,3,Sunday
109,1/18/15,8:00:00,66,3,Sunday
110,1/18/15,9:00:00,108,3,Sunday
111,1/18/15,10:00:00,113,3,Sunday
112,1/18/15,11:00:00,49,3,Sunday
113,1/18/15,12:00:00,60,3,Sunday
114,1/18/15,13:00:00,139,3,Sunday
115,1/18/15,14:00:00,146,3,Sunday
116,1/18/15,15:00:00,51,3,Sunday
117,1/18/15,16:00:00,83,3,Sunday
118,1/18/15,17:00:00,105,3,Sunday
119,1/18/15,18:00:00,93,3,Sunday
120,1/18/15,19:00:00,143,3,Sunday
121,1/18/15,20:00:00,144,3,Sunday
122,1/18/15,21:00:00,124,3,Sunday
123,1/19/15,6:00:00,167,4,Monday
124,1/19/15,7:00:00,25,4,Monday
125,1/19/15,8:00:00,55,4,Monday
126,1/19/15,9:00:00,92,4,Monday
127,1/19/15,10:00:00,111,4,Monday
128,1/19/15,11:00:00,36,4,Monday
129,1/19/15,12:00:00,62,4,Monday
130,1/19/15,13:00:00,176,4,Monday
131,1/19/15,14:00:00,79,4,Monday
132,1/19/15,15:00:00,62,4,Monday
133,1/19/15,16:00:00,58,4,Monday
134,1/19/15,17:00:00,45,4,Monday
135,1/19/15,18:00:00,87,4,Monday
136,1/19/15,19:00:00,119,4,Monday
137,1/19/15,20:00:00,188,4,Monday
138,1/19/15,21:00:00,199,4,Monday
139,1/20/15,6:00:00,121,4,Tuesday
140,1/20/15,7:00:00,29,4,Tuesday
141,1/20/15,8:00:00,34,4,Tuesday
142,1/20/15,9:00:00,76,4,Tuesday
143,1/20/15,10:00:00,75,4,Tuesday
144,1/20/15,11:00:00,43,4,Tuesday
145,1/20/15,12:00:00,105,4,Tuesday
146,1/20/15,13:00:00,115,4,Tuesday
147,1/20/15,14:00:00,87,4,Tuesday
148,1/20/15,15:00:00,44,4,Tuesday
149,1/20/15,16:00:00,61,4,Tuesday
150,1/20/15,17:00:00,53,4,Tuesday
151,1/20/15,18:00:00,111,4,Tuesday
152,1/20/15,19:00:00,131,4,Tuesday
153,1/20/15,20:00:00,160,4,Tuesday
154,1/20/15,21:00:00,160,4,Tuesday
155,1/21/15,6:00:00,194,4,Wednesday
156,1/21/15,7:00:00,39,4,Wednesday
157,1/21/15,8:00:00,74,4,Wednesday
158,1/21/15,9:00:00,116,4,Wednesday
159,1/21/15,10:00:00,84,4,Wednesday
160,1/21/15,11:00:00,39,4,Wednesday
161,1/21/15,12:00:00,94,4,Wednesday
162,1/21/15,13:00:00,146,4,Wednesday
163,1/21/15,14:00:00,129,4,Wednesday
164,1/21/15,15:00:00,41,4,Wednesday
165,1/21/15,16:00:00,72,4,Wednesday
166,1/21/15,17:00:00,75,4,Wednesday
167,1/21/15,18:00:00,67,4,Wednesday
168,1/21/15,19:00:00,127,4,Wednesday
169,1/21/15,20:00:00,187,4,Wednesday
170,1/21/15,21:00:00,158,4,Wednesday
171,1/22/15,6:00:00,180,4,Thursday
172,1/22/15,7:00:00,45,4,Thursday
173,1/22/15,8:00:00,69,4,Thursday
174,1/22/15,9:00:00,79,4,Thursday
175,1/22/15,10:00:00,65,4,Thursday
176,1/22/15,11:00:00,29,4,Thursday
177,1/22/15,12:00:00,84,4,Thursday
178,1/22/15,13:00:00,96,4,Thursday
179,1/22/15,14:00:00,77,4,Thursday
180,1/22/15,15:00:00,59,4,Thursday
181,1/22/15,16:00:00,26,4,Thursday
182,1/22/15,17:00:00,64,4,Thursday
183,1/23/15,6:00:00,235,4,Friday
184,1/23/15,7:00:00,36,4,Friday
185,1/23/15,8:00:00,105,4,Friday
186,1/23/15,9:00:00,111,4,Friday
187,1/23/15,10:00:00,25,4,Friday
188,1/23/15,11:00:00,49,4,Friday
189,1/23/15,12:00:00,77,4,Friday
190,1/23/15,13:00:00,90,4,Friday
191,1/23/15,14:00:00,113,4,Friday
192,1/23/15,15:00:00,102,4,Friday
193,1/23/15,16:00:00,21,4,Friday
194,1/23/15,17:00:00,60,4,Friday
195,1/23/15,18:00:00,87,4,Friday
196,1/23/15,19:00:00,116,4,Friday
197,1/23/15,20:00:00,118,4,Friday
198,1/23/15,21:00:00,79,4,Friday
199,1/24/15,6:00:00,28,4,Saturday
200,1/24/15,7:00:00,31,4,Saturday
201,1/24/15,8:00:00,129,4,Saturday
202,1/24/15,9:00:00,55,4,Saturday
203,1/24/15,10:00:00,54,4,Saturday
204,1/24/15,11:00:00,58,4,Saturday
205,1/24/15,12:00:00,75,4,Saturday
206,1/24/15,13:00:00,111,4,Saturday
207,1/24/15,14:00:00,110,4,Saturday
208,1/24/15,15:00:00,52,4,Saturday
209,1/24/15,16:00:00,51,4,Saturday
210,1/24/15,17:00:00,69,4,Saturday
211,1/24/15,18:00:00,94,4,Saturday
212,1/24/15,19:00:00,118,4,Saturday
213,1/24/15,20:00:00,140,4,Saturday
214,1/24/15,21:00:00,90,4,Saturday
215,1/25/15,7:00:00,79,4,Sunday
216,1/25/15,8:00:00,45,4,Sunday
217,1/25/15,9:00:00,80,4,Sunday
218,1/25/15,10:00:00,79,4,Sunday
219,1/25/15,11:00:00,75,4,Sunday
220,1/25/15,12:00:00,82,4,Sunday
221,1/25/15,13:00:00,75,4,Sunday
222,1/25/15,14:00:00,121,4,Sunday
223,1/25/15,15:00:00,61,4,Sunday
224,1/25/15,16:00:00,32,4,Sunday
225,1/25/15,17:00:00,68,4,Sunday
226,1/25/15,18:00:00,94,4,Sunday
227,1/25/15,19:00:00,94,4,Sunday
228,1/25/15,20:00:00,149,4,Sunday
229,1/25/15,21:00:00,129,4,Sunday
230,1/26/15,7:00:00,26,5,Monday
231,1/26/15,8:00:00,51,5,Monday
232,1/26/15,9:00:00,78,5,Monday
233,1/26/15,10:00:00,56,5,Monday
234,1/26/15,11:00:00,43,5,Monday
235,1/26/15,12:00:00,62,5,Monday
236,1/26/15,13:00:00,97,5,Monday
237,1/26/15,14:00:00,108,5,Monday
238,1/26/15,15:00:00,50,5,Monday
239,1/26/15,16:00:00,52,5,Monday
240,1/26/15,17:00:00,65,5,Monday
241,1/26/15,18:00:00,113,5,Monday
242,1/26/15,19:00:00,118,5,Monday
243,1/26/15,20:00:00,171,5,Monday
244,1/26/15,21:00:00,167,5,Monday
245,1/27/15,7:00:00,31,5,Tuesday
246,1/27/15,8:00:00,28,5,Tuesday
247,1/27/15,9:00:00,41,5,Tuesday
248,1/27/15,10:00:00,52,5,Tuesday
249,1/27/15,11:00:00,49,5,Tuesday
250,1/27/15,12:00:00,72,5,Tuesday
251,1/27/15,13:00:00,94,5,Tuesday
252,1/27/15,14:00:00,73,5,Tuesday
253,1/27/15,15:00:00,52,5,Tuesday
254,1/27/15,16:00:00,63,5,Tuesday
255,1/27/15,17:00:00,97,5,Tuesday
256,1/27/15,18:00:00,76,5,Tuesday
257,1/27/15,19:00:00,113,5,Tuesday
258,1/27/15,20:00:00,159,5,Tuesday
259,1/27/15,21:00:00,126,5,Tuesday
260,1/28/15,6:00:00,9,5,Wednesday
261,1/28/15,7:00:00,21,5,Wednesday
262,1/28/15,8:00:00,56,5,Wednesday
263,1/28/15,9:00:00,124,5,Wednesday
264,1/28/15,10:00:00,115,5,Wednesday
265,1/28/15,11:00:00,146,5,Wednesday
266,1/28/15,12:00:00,67,5,Wednesday
267,1/28/15,13:00:00,133,5,Wednesday
268,1/28/15,14:00:00,111,5,Wednesday
269,1/28/15,15:00:00,104,5,Wednesday
270,1/28/15,16:00:00,46,5,Wednesday
271,1/28/15,17:00:00,64,5,Wednesday
272,1/28/15,18:00:00,59,5,Wednesday
273,1/28/15,19:00:00,94,5,Wednesday
274,1/28/15,20:00:00,173,5,Wednesday
275,1/28/15,21:00:00,171,5,Wednesday
276,1/29/15,6:00:00,8,5,Thursday
277,1/29/15,7:00:00,19,5,Thursday
278,1/29/15,8:00:00,84,5,Thursday
279,1/29/15,9:00:00,67,5,Thursday
280,1/29/15,10:00:00,110,5,Thursday
281,1/29/15,11:00:00,74,5,Thursday
282,1/29/15,12:00:00,139,5,Thursday
283,1/29/15,13:00:00,128,5,Thursday
284,1/29/15,14:00:00,77,5,Thursday
285,1/29/15,15:00:00,51,5,Thursday
286,1/29/15,16:00:00,58,5,Thursday
287,1/29/15,17:00:00,59,5,Thursday
288,1/29/15,18:00:00,50,5,Thursday
289,1/29/15,19:00:00,150,5,Thursday
290,1/29/15,20:00:00,157,5,Thursday
291,1/29/15,21:00:00,126,5,Thursday
292,1/30/15,6:00:00,5,5,Friday
293,1/30/15,7:00:00,31,5,Friday
294,1/30/15,8:00:00,44,5,Friday
295,1/30/15,9:00:00,105,5,Friday
296,1/30/15,10:00:00,99,5,Friday
297,1/30/15,11:00:00,38,5,Friday
298,1/30/15,12:00:00,103,5,Friday
299,1/30/15,13:00:00,105,5,Friday
300,1/30/15,14:00:00,64,5,Friday
301,1/30/15,15:00:00,77,5,Friday
302,1/30/15,16:00:00,63,5,Friday
303,1/30/15,17:00:00,79,5,Friday
304,1/30/15,18:00:00,76,5,Friday
305,1/30/15,19:00:00,117,5,Friday
306,1/30/15,20:00:00,109,5,Friday
307,1/30/15,21:00:00,116,5,Friday
308,1/31/15,6:00:00,23,5,Saturday
309,1/31/15,7:00:00,28,5,Saturday
310,1/31/15,8:00:00,43,5,Saturday
311,1/31/15,9:00:00,59,5,Saturday
312,1/31/15,10:00:00,70,5,Saturday
313,1/31/15,11:00:00,28,5,Saturday
314,1/31/15,12:00:00,77,5,Saturday
315,1/31/15,13:00:00,145,5,Saturday
316,1/31/15,14:00:00,122,5,Saturday
317,1/31/15,15:00:00,63,5,Saturday
318,1/31/15,16:00:00,59,5,Saturday
319,1/31/15,17:00:00,73,5,Saturday
320,1/31/15,18:00:00,72,5,Saturday
321,1/31/15,19:00:00,115,5,Saturday
322,1/31/15,20:00:00,147,5,Saturday
323,1/31/15,21:00:00,163,5,Saturday
324,2/1/15,7:00:00,46,5,Sunday
325,2/1/15,8:00:00,45,5,Sunday
326,2/1/15,9:00:00,102,5,Sunday
327,2/1/15,10:00:00,103,5,Sunday
328,2/1/15,11:00:00,95,5,Sunday
329,2/1/15,12:00:00,144,5,Sunday
330,2/1/15,13:00:00,59,5,Sunday
331,2/1/15,14:00:00,135,5,Sunday
332,2/1/15,15:00:00,156,5,Sunday
333,2/1/15,16:00:00,41,5,Sunday
334,2/1/15,17:00:00,49,5,Sunday
335,2/1/15,18:00:00,57,5,Sunday
336,2/1/15,19:00:00,112,5,Sunday
337,2/1/15,20:00:00,154,5,Sunday
338,2/1/15,21:00:00,151,5,Sunday
339,2/2/15,6:00:00,0,6,Monday
340,2/2/15,7:00:00,42,6,Monday
341,2/2/15,8:00:00,45,6,Monday
342,2/2/15,9:00:00,106,6,Monday
343,2/2/15,10:00:00,69,6,Monday
344,2/2/15,11:00:00,97,6,Monday
345,2/2/15,12:00:00,123,6,Monday
346,2/2/15,13:00:00,192,6,Monday
347,2/2/15,14:00:00,134,6,Monday
348,2/2/15,15:00:00,78,6,Monday
349,2/2/15,16:00:00,114,6,Monday
350,2/2/15,17:00:00,75,6,Monday
351,2/2/15,18:00:00,77,6,Monday
352,2/2/15,19:00:00,132,6,Monday
353,2/2/15,20:00:00,180,6,Monday
354,2/2/15,21:00:00,197,6,Monday
355,2/3/15,6:00:00,15,6,Tuesday
356,2/3/15,7:00:00,48,6,Tuesday
357,2/3/15,8:00:00,40,6,Tuesday
358,2/3/15,9:00:00,101,6,Tuesday
359,2/3/15,10:00:00,91,6,Tuesday
360,2/3/15,11:00:00,42,6,Tuesday
361,2/3/15,12:00:00,87,6,Tuesday
362,2/3/15,13:00:00,152,6,Tuesday
363,2/3/15,14:00:00,147,6,Tuesday
364,2/3/15,15:00:00,18,6,Tuesday
365,2/3/15,16:00:00,62,6,Tuesday
366,2/3/15,17:00:00,77,6,Tuesday
367,2/3/15,18:00:00,109,6,Tuesday
368,2/3/15,19:00:00,137,6,Tuesday
369,2/3/15,20:00:00,255,6,Tuesday
370,2/3/15,21:00:00,117,6,Tuesday
371,2/4/15,6:00:00,4,6,Wednesday
372,2/4/15,7:00:00,34,6,Wednesday
373,2/4/15,8:00:00,92,6,Wednesday
374,2/4/15,9:00:00,98,6,Wednesday
375,2/4/15,10:00:00,86,6,Wednesday
376,2/4/15,11:00:00,47,6,Wednesday
377,2/4/15,12:00:00,119,6,Wednesday
378,2/4/15,13:00:00,124,6,Wednesday
379,2/4/15,14:00:00,218,6,Wednesday
380,2/4/15,15:00:00,101,6,Wednesday
381,2/4/15,16:00:00,81,6,Wednesday
382,2/4/15,17:00:00,51,6,Wednesday
383,2/4/15,18:00:00,115,6,Wednesday
384,2/4/15,19:00:00,95,6,Wednesday
385,2/4/15,20:00:00,227,6,Wednesday
386,2/4/15,21:00:00,219,6,Wednesday
387,2/5/15,6:00:00,27,6,Thursday
388,2/5/15,7:00:00,19,6,Thursday
389,2/5/15,8:00:00,44,6,Thursday
390,2/5/15,9:00:00,104,6,Thursday
391,2/5/15,10:00:00,62,6,Thursday
392,2/5/15,11:00:00,48,6,Thursday
393,2/5/15,12:00:00,59,6,Thursday
394,2/5/15,13:00:00,144,6,Thursday
395,2/5/15,14:00:00,144,6,Thursday
396,2/5/15,15:00:00,29,6,Thursday
397,2/5/15,16:00:00,55,6,Thursday
398,2/5/15,17:00:00,47,6,Thursday
399,2/5/15,18:00:00,92,6,Thursday
400,2/5/15,19:00:00,94,6,Thursday
401,2/5/15,20:00:00,237,6,Thursday
402,2/5/15,21:00:00,145,6,Thursday
403,2/6/15,6:00:00,21,6,Friday
404,2/6/15,7:00:00,37,6,Friday
405,2/6/15,8:00:00,49,6,Friday
406,2/6/15,9:00:00,90,6,Friday
407,2/6/15,10:00:00,55,6,Friday
408,2/6/15,11:00:00,33,6,Friday
409,2/6/15,12:00:00,64,6,Friday
410,2/6/15,13:00:00,123,6,Friday
411,2/6/15,14:00:00,76,6,Friday
412,2/6/15,15:00:00,112,6,Friday
413,2/6/15,16:00:00,48,6,Friday
414,2/6/15,17:00:00,48,6,Friday
415,2/6/15,18:00:00,86,6,Friday
416,2/6/15,19:00:00,87,6,Friday
417,2/6/15,20:00:00,103,6,Friday
418,2/6/15,21:00:00,171,6,Friday
419,2/7/15,6:00:00,1,6,Saturday
420,2/7/15,7:00:00,20,6,Saturday
421,2/7/15,8:00:00,48,6,Saturday
422,2/7/15,9:00:00,96,6,Saturday
423,2/7/15,10:00:00,23,6,Saturday
424,2/7/15,11:00:00,42,6,Saturday
425,2/7/15,12:00:00,105,6,Saturday
426,2/7/15,13:00:00,118,6,Saturday
427,2/7/15,14:00:00,126,6,Saturday
428,2/7/15,15:00:00,44,6,Saturday
429,2/7/15,16:00:00,44,6,Saturday
430,2/7/15,17:00:00,61,6,Saturday
431,2/7/15,18:00:00,104,6,Saturday
432,2/7/15,19:00:00,102,6,Saturday
433,2/7/15,20:00:00,159,6,Saturday
434,2/7/15,21:00:00,151,6,Saturday
435,2/8/15,6:00:00,10,6,Sunday
436,2/8/15,7:00:00,36,6,Sunday
437,2/8/15,8:00:00,63,6,Sunday
438,2/8/15,9:00:00,101,6,Sunday
439,2/8/15,10:00:00,102,6,Sunday
440,2/8/15,11:00:00,37,6,Sunday
441,2/8/15,12:00:00,117,6,Sunday
442,2/8/15,13:00:00,116,6,Sunday
443,2/8/15,14:00:00,109,6,Sunday
444,2/8/15,15:00:00,38,6,Sunday
445,2/8/15,16:00:00,48,6,Sunday
446,2/8/15,17:00:00,48,6,Sunday
447,2/8/15,18:00:00,88,6,Sunday
448,2/8/15,19:00:00,168,6,Sunday
449,2/8/15,20:00:00,168,6,Sunday
450,2/8/15,21:00:00,194,6,Sunday
451,2/9/15,6:00:00,6,7,Monday
452,2/9/15,7:00:00,33,7,Monday
453,2/9/15,8:00:00,46,7,Monday
454,2/9/15,9:00:00,124,7,Monday
455,2/9/15,10:00:00,53,7,Monday
456,2/9/15,11:00:00,66,7,Monday
457,2/9/15,12:00:00,98,7,Monday
458,2/9/15,13:00:00,125,7,Monday
459,2/9/15,14:00:00,143,7,Monday
460,2/9/15,15:00:00,32,7,Monday
461,2/9/15,16:00:00,54,7,Monday
462,2/9/15,17:00:00,78,7,Monday
463,2/9/15,18:00:00,96,7,Monday
464,2/9/15,19:00:00,120,7,Monday
465,2/9/15,20:00:00,188,7,Monday
466,2/9/15,21:00:00,306,7,Monday
467,2/10/15,7:00:00,5,7,Tuesday
468,2/10/15,8:00:00,37,7,Tuesday
469,2/10/15,9:00:00,117,7,Tuesday
470,2/10/15,10:00:00,110,7,Tuesday
471,2/10/15,11:00:00,78,7,Tuesday
472,2/10/15,12:00:00,85,7,Tuesday
473,2/10/15,13:00:00,162,7,Tuesday
474,2/10/15,14:00:00,121,7,Tuesday
475,2/10/15,15:00:00,62,7,Tuesday
476,2/10/15,16:00:00,69,7,Tuesday
477,2/10/15,17:00:00,93,7,Tuesday
478,2/10/15,18:00:00,86,7,Tuesday
479,2/10/15,19:00:00,92,7,Tuesday
480,2/10/15,20:00:00,188,7,Tuesday
481,2/10/15,21:00:00,184,7,Tuesday
482,2/11/15,6:00:00,24,7,Wednesday
483,2/11/15,7:00:00,24,7,Wednesday
484,2/11/15,8:00:00,68,7,Wednesday
485,2/11/15,9:00:00,116,7,Wednesday
486,2/11/15,10:00:00,90,7,Wednesday
487,2/11/15,11:00:00,71,7,Wednesday
488,2/11/15,12:00:00,71,7,Wednesday
489,2/11/15,13:00:00,185,7,Wednesday
490,2/11/15,14:00:00,85,7,Wednesday
491,2/11/15,15:00:00,50,7,Wednesday
492,2/11/15,16:00:00,60,7,Wednesday
493,2/11/15,17:00:00,57,7,Wednesday
494,2/11/15,18:00:00,56,7,Wednesday
495,2/11/15,19:00:00,94,7,Wednesday
496,2/11/15,20:00:00,150,7,Wednesday
497,2/11/15,21:00:00,204,7,Wednesday
498,2/12/15,6:00:00,13,7,Thursday
499,2/12/15,7:00:00,45,7,Thursday
500,2/12/15,8:00:00,50,7,Thursday
501,2/12/15,9:00:00,71,7,Thursday
502,2/12/15,10:00:00,105,7,Thursday
503,2/12/15,11:00:00,79,7,Thursday
504,2/12/15,12:00:00,97,7,Thursday
505,2/12/15,13:00:00,119,7,Thursday
506,2/12/15,14:00:00,104,7,Thursday
507,2/12/15,15:00:00,32,7,Thursday
508,2/12/15,16:00:00,26,7,Thursday
509,2/12/15,17:00:00,38,7,Thursday
510,2/12/15,18:00:00,64,7,Thursday
511,2/12/15,19:00:00,96,7,Thursday
512,2/12/15,20:00:00,158,7,Thursday
513,2/12/15,21:00:00,187,7,Thursday
514,2/13/15,6:00:00,24,7,Friday
515,2/13/15,7:00:00,32,7,Friday
516,2/13/15,8:00:00,61,7,Friday
517,2/13/15,9:00:00,76,7,Friday
518,2/13/15,10:00:00,73,7,Friday
519,2/13/15,11:00:00,29,7,Friday
520,2/13/15,12:00:00,38,7,Friday
521,2/13/15,13:00:00,37,7,Friday
522,2/13/15,14:00:00,38,7,Friday
523,2/13/15,15:00:00,36,7,Friday
524,2/13/15,16:00:00,27,7,Friday
525,2/13/15,17:00:00,30,7,Friday
526,2/13/15,18:00:00,92,7,Friday
527,2/13/15,19:00:00,113,7,Friday
528,2/13/15,20:00:00,113,7,Friday
529,2/13/15,21:00:00,136,7,Friday
530,2/14/15,6:00:00,8,7,Saturday
531,2/14/15,7:00:00,10,7,Saturday
532,2/14/15,8:00:00,50,7,Saturday
533,2/14/15,9:00:00,79,7,Saturday
534,2/14/15,10:00:00,38,7,Saturday
535,2/14/15,11:00:00,36,7,Saturday
536,2/14/15,12:00:00,75,7,Saturday
537,2/14/15,13:00:00,128,7,Saturday
538,2/14/15,14:00:00,108,7,Saturday
539,2/14/15,15:00:00,45,7,Saturday
540,2/14/15,16:00:00,45,7,Saturday
541,2/14/15,17:00:00,59,7,Saturday
542,2/14/15,18:00:00,83,7,Saturday
543,2/14/15,19:00:00,115,7,Saturday
544,2/14/15,20:00:00,123,7,Saturday
545,2/14/15,21:00:00,87,7,Saturday
546,2/15/15,6:00:00,11,7,Sunday
547,2/15/15,7:00:00,34,7,Sunday
548,2/15/15,8:00:00,79,7,Sunday
549,2/15/15,9:00:00,90,7,Sunday
550,2/15/15,10:00:00,69,7,Sunday
551,2/15/15,11:00:00,67,7,Sunday
552,2/15/15,12:00:00,79,7,Sunday
553,2/15/15,13:00:00,173,7,Sunday
554,2/15/15,14:00:00,130,7,Sunday
555,2/15/15,15:00:00,68,7,Sunday
556,2/15/15,16:00:00,58,7,Sunday
557,2/15/15,17:00:00,51,7,Sunday
558,2/15/15,18:00:00,103,7,Sunday
559,2/15/15,19:00:00,136,7,Sunday
560,2/15/15,20:00:00,106,7,Sunday
561,2/15/15,21:00:00,129,7,Sunday
562,2/16/15,6:00:00,5,8,Monday
563,2/16/15,7:00:00,21,8,Monday
564,2/16/15,8:00:00,62,8,Monday
565,2/16/15,9:00:00,46,8,Monday
566,2/16/15,10:00:00,72,8,Monday
567,2/16/15,11:00:00,69,8,Monday
568,2/16/15,12:00:00,44,8,Monday
569,2/16/15,13:00:00,151,8,Monday
570,2/16/15,14:00:00,122,8,Monday
571,2/16/15,15:00:00,85,8,Monday
572,2/16/15,16:00:00,66,8,Monday
573,2/16/15,17:00:00,56,8,Monday
574,2/16/15,18:00:00,89,8,Monday
575,2/16/15,19:00:00,107,8,Monday
576,2/16/15,20:00:00,177,8,Monday
577,2/16/15,21:00:00,155,8,Monday
578,2/17/15,6:00:00,19,8,Tuesday
579,2/17/15,7:00:00,27,8,Tuesday
580,2/17/15,8:00:00,34,8,Tuesday
581,2/17/15,9:00:00,67,8,Tuesday
582,2/17/15,10:00:00,82,8,Tuesday
583,2/17/15,11:00:00,61,8,Tuesday
584,2/17/15,12:00:00,58,8,Tuesday
585,2/17/15,13:00:00,157,8,Tuesday
586,2/17/15,14:00:00,55,8,Tuesday
587,2/17/15,15:00:00,43,8,Tuesday
588,2/17/15,16:00:00,28,8,Tuesday
589,2/17/15,17:00:00,86,8,Tuesday
590,2/17/15,18:00:00,97,8,Tuesday
591,2/17/15,19:00:00,94,8,Tuesday
592,2/17/15,20:00:00,123,8,Tuesday
593,2/17/15,21:00:00,151,8,Tuesday
594,2/18/15,6:00:00,2,8,Wednesday
595,2/18/15,7:00:00,14,8,Wednesday
596,2/18/15,8:00:00,58,8,Wednesday
597,2/18/15,9:00:00,70,8,Wednesday
598,2/18/15,10:00:00,74,8,Wednesday
599,2/18/15,11:00:00,31,8,Wednesday
600,2/18/15,12:00:00,68,8,Wednesday
601,2/18/15,13:00:00,132,8,Wednesday
602,2/18/15,14:00:00,103,8,Wednesday
603,2/18/15,15:00:00,57,8,Wednesday
604,2/18/15,16:00:00,39,8,Wednesday
605,2/18/15,17:00:00,68,8,Wednesday
606,2/18/15,18:00:00,54,8,Wednesday
607,2/18/15,19:00:00,90,8,Wednesday
608,2/18/15,20:00:00,184,8,Wednesday
609,2/18/15,21:00:00,164,8,Wednesday
610,2/19/15,6:00:00,55,8,Thursday
611,2/19/15,7:00:00,21,8,Thursday
612,2/19/15,8:00:00,58,8,Thursday
613,2/19/15,9:00:00,85,8,Thursday
614,2/19/15,10:00:00,79,8,Thursday
615,2/19/15,11:00:00,46,8,Thursday
616,2/19/15,12:00:00,70,8,Thursday
617,2/19/15,13:00:00,98,8,Thursday
618,2/19/15,14:00:00,106,8,Thursday
619,2/19/15,15:00:00,42,8,Thursday
620,2/19/15,16:00:00,23,8,Thursday
621,2/19/15,17:00:00,42,8,Thursday
622,2/19/15,18:00:00,70,8,Thursday
623,2/19/15,19:00:00,121,8,Thursday
624,2/19/15,20:00:00,100,8,Thursday
625,2/19/15,21:00:00,104,8,Thursday
626,2/20/15,6:00:00,11,8,Friday
627,2/20/15,7:00:00,14,8,Friday
628,2/20/15,8:00:00,69,8,Friday
629,2/20/15,9:00:00,112,8,Friday
630,2/20/15,10:00:00,56,8,Friday
631,2/20/15,11:00:00,62,8,Friday
632,2/20/15,12:00:00,70,8,Friday
633,2/20/15,13:00:00,116,8,Friday
634,2/20/15,14:00:00,129,8,Friday
635,2/20/15,15:00:00,73,8,Friday
636,2/20/15,16:00:00,46,8,Friday
637,2/20/15,17:00:00,47,8,Friday
638,2/20/15,18:00:00,83,8,Friday
639,2/20/15,19:00:00,131,8,Friday
640,2/20/15,20:00:00,135,8,Friday
641,2/20/15,21:00:00,127,8,Friday
642,2/21/15,6:00:00,35,8,Saturday
643,2/21/15,7:00:00,19,8,Saturday
644,2/21/15,8:00:00,45,8,Saturday
645,2/21/15,9:00:00,49,8,Saturday
646,2/21/15,10:00:00,39,8,Saturday
647,2/21/15,11:00:00,32,8,Saturday
648,2/21/15,12:00:00,88,8,Saturday
649,2/21/15,13:00:00,141,8,Saturday
650,2/21/15,14:00:00,82,8,Saturday
651,2/21/15,15:00:00,45,8,Saturday
652,2/21/15,16:00:00,61,8,Saturday
653,2/21/15,17:00:00,65,8,Saturday
654,2/21/15,18:00:00,95,8,Saturday
655,2/21/15,19:00:00,106,8,Saturday
656,2/21/15,20:00:00,161,8,Saturday
657,2/21/15,21:00:00,129,8,Saturday
658,2/22/15,6:00:00,0,8,Sunday
659,2/22/15,7:00:00,52,8,Sunday
660,2/22/15,8:00:00,66,8,Sunday
661,2/22/15,9:00:00,76,8,Sunday
662,2/22/15,10:00:00,62,8,Sunday
663,2/22/15,11:00:00,48,8,Sunday
664,2/22/15,12:00:00,110,8,Sunday
665,2/22/15,13:00:00,83,8,Sunday
666,2/22/15,14:00:00,78,8,Sunday
667,2/22/15,15:00:00,81,8,Sunday
668,2/22/15,16:00:00,63,8,Sunday
669,2/22/15,17:00:00,125,8,Sunday
670,2/22/15,18:00:00,53,8,Sunday
671,2/22/15,19:00:00,141,8,Sunday
672,2/22/15,20:00:00,125,8,Sunday
673,2/22/15,21:00:00,95,8,Sunday
674,2/23/15,6:00:00,21,9,Monday
675,2/23/15,7:00:00,18,9,Monday
676,2/23/15,8:00:00,38,9,Monday
677,2/23/15,9:00:00,113,9,Monday
678,2/23/15,10:00:00,60,9,Monday
679,2/23/15,11:00:00,61,9,Monday
680,2/23/15,12:00:00,95,9,Monday
681,2/23/15,13:00:00,190,9,Monday
682,2/23/15,14:00:00,119,9,Monday
683,2/23/15,15:00:00,40,9,Monday
684,2/23/15,16:00:00,40,9,Monday
685,2/23/15,17:00:00,49,9,Monday
686,2/23/15,18:00:00,68,9,Monday
687,2/23/15,19:00:00,91,9,Monday
688,2/23/15,20:00:00,127,9,Monday
689,2/23/15,21:00:00,137,9,Monday
690,2/24/15,7:00:00,33,9,Tuesday
691,2/24/15,8:00:00,33,9,Tuesday
692,2/24/15,9:00:00,64,9,Tuesday
693,2/24/15,10:00:00,57,9,Tuesday
694,2/24/15,11:00:00,98,9,Tuesday
695,2/24/15,12:00:00,60,9,Tuesday
696,2/24/15,13:00:00,100,9,Tuesday
697,2/24/15,14:00:00,99,9,Tuesday
698,2/24/15,15:00:00,80,9,Tuesday
699,2/24/15,16:00:00,46,9,Tuesday
700,2/24/15,17:00:00,87,9,Tuesday
701,2/24/15,18:00:00,65,9,Tuesday
702,2/24/15,19:00:00,95,9,Tuesday
703,2/24/15,20:00:00,162,9,Tuesday
704,2/24/15,21:00:00,155,9,Tuesday
705,2/25/15,6:00:00,11,9,Wednesday
706,2/25/15,7:00:00,15,9,Wednesday
707,2/25/15,8:00:00,75,9,Wednesday
708,2/25/15,9:00:00,108,9,Wednesday
709,2/25/15,10:00:00,108,9,Wednesday
710,2/25/15,11:00:00,68,9,Wednesday
711,2/25/15,12:00:00,110,9,Wednesday
712,2/25/15,13:00:00,145,9,Wednesday
713,2/25/15,14:00:00,193,9,Wednesday
714,2/25/15,15:00:00,59,9,Wednesday
715,2/25/15,16:00:00,92,9,Wednesday
716,2/25/15,17:00:00,60,9,Wednesday
717,2/25/15,18:00:00,110,9,Wednesday
718,2/25/15,19:00:00,110,9,Wednesday
719,2/25/15,20:00:00,151,9,Wednesday
720,2/25/15,21:00:00,128,9,Wednesday
721,2/26/15,6:00:00,8,9,Thursday
722,2/26/15,7:00:00,25,9,Thursday
723,2/26/15,8:00:00,45,9,Thursday
724,2/26/15,9:00:00,73,9,Thursday
725,2/26/15,10:00:00,56,9,Thursday
726,2/26/15,11:00:00,76,9,Thursday
727,2/26/15,12:00:00,116,9,Thursday
728,2/26/15,13:00:00,123,9,Thursday
729,2/26/15,14:00:00,126,9,Thursday
730,2/26/15,15:00:00,37,9,Thursday
731,2/26/15,16:00:00,31,9,Thursday
732,2/26/15,17:00:00,30,9,Thursday
733,2/26/15,18:00:00,77,9,Thursday
734,2/26/15,19:00:00,79,9,Thursday
735,2/26/15,20:00:00,152,9,Thursday
736,2/26/15,21:00:00,132,9,Thursday
737,2/27/15,6:00:00,33,9,Friday
738,2/27/15,7:00:00,24,9,Friday
739,2/27/15,8:00:00,44,9,Friday
740,2/27/15,9:00:00,81,9,Friday
741,2/27/15,10:00:00,66,9,Friday
742,2/27/15,11:00:00,27,9,Friday
743,2/27/15,12:00:00,97,9,Friday
744,2/27/15,13:00:00,107,9,Friday
745,2/27/15,14:00:00,128,9,Friday
746,2/27/15,15:00:00,41,9,Friday
747,2/27/15,16:00:00,44,9,Friday
748,2/27/15,17:00:00,61,9,Friday
749,2/27/15,18:00:00,55,9,Friday
750,2/27/15,19:00:00,85,9,Friday
751,2/27/15,20:00:00,88,9,Friday
752,2/27/15,21:00:00,72,9,Friday
753,2/28/15,6:00:00,2,9,Saturday
754,2/28/15,7:00:00,13,9,Saturday
755,2/28/15,8:00:00,52,9,Saturday
756,2/28/15,9:00:00,51,9,Saturday
757,2/28/15,10:00:00,44,9,Saturday
758,2/28/15,11:00:00,64,9,Saturday
759,2/28/15,12:00:00,97,9,Saturday
760,2/28/15,13:00:00,125,9,Saturday
761,2/28/15,14:00:00,159,9,Saturday
762,2/28/15,15:00:00,71,9,Saturday
763,2/28/15,16:00:00,66,9,Saturday
764,2/28/15,17:00:00,110,9,Saturday
765,2/28/15,18:00:00,100,9,Saturday
766,2/28/15,19:00:00,118,9,Saturday
767,2/28/15,20:00:00,119,9,Saturday
768,2/28/15,21:00:00,119,9,Saturday
769,3/1/15,6:00:00,9,9,Sunday
770,3/1/15,7:00:00,28,9,Sunday
771,3/1/15,8:00:00,76,9,Sunday
772,3/1/15,9:00:00,156,9,Sunday
773,3/1/15,10:00:00,84,9,Sunday
774,3/1/15,11:00:00,70,9,Sunday
775,3/1/15,12:00:00,75,9,Sunday
776,3/1/15,13:00:00,144,9,Sunday
777,3/1/15,14:00:00,182,9,Sunday
778,3/1/15,15:00:00,41,9,Sunday
779,3/1/15,16:00:00,33,9,Sunday
780,3/1/15,17:00:00,76,9,Sunday
781,3/1/15,18:00:00,97,9,Sunday
782,3/1/15,19:00:00,86,9,Sunday
783,3/1/15,20:00:00,165,9,Sunday
784,3/1/15,21:00:00,121,9,Sunday
785,3/2/15,6:00:00,25,10,Monday
786,3/2/15,7:00:00,35,10,Monday
787,3/2/15,8:00:00,60,10,Monday
788,3/2/15,9:00:00,101,10,Monday
789,3/2/15,10:00:00,92,10,Monday
790,3/2/15,11:00:00,91,10,Monday
791,3/2/15,12:00:00,89,10,Monday
792,3/2/15,13:00:00,142,10,Monday
793,3/2/15,14:00:00,147,10,Monday
794,3/2/15,15:00:00,78,10,Monday
795,3/2/15,16:00:00,62,10,Monday
796,3/2/15,17:00:00,93,10,Monday
797,3/2/15,18:00:00,53,10,Monday
798,3/2/15,19:00:00,82,10,Monday
799,3/2/15,20:00:00,139,10,Monday
800,3/2/15,21:00:00,210,10,Monday
801,3/3/15,6:00:00,31,10,Tuesday
802,3/3/15,7:00:00,24,10,Tuesday
803,3/3/15,8:00:00,91,10,Tuesday
804,3/3/15,9:00:00,99,10,Tuesday
805,3/3/15,10:00:00,101,10,Tuesday
806,3/3/15,11:00:00,72,10,Tuesday
807,3/3/15,12:00:00,129,10,Tuesday
808,3/3/15,13:00:00,91,10,Tuesday
809,3/3/15,14:00:00,139,10,Tuesday
810,3/3/15,15:00:00,70,10,Tuesday
811,3/3/15,16:00:00,59,10,Tuesday
812,3/3/15,17:00:00,76,10,Tuesday
813,3/3/15,18:00:00,71,10,Tuesday
814,3/3/15,19:00:00,126,10,Tuesday
815,3/3/15,20:00:00,153,10,Tuesday
816,3/3/15,21:00:00,160,10,Tuesday
817,3/4/15,6:00:00,16,10,Wednesday
818,3/4/15,7:00:00,23,10,Wednesday
819,3/4/15,8:00:00,39,10,Wednesday
820,3/4/15,9:00:00,111,10,Wednesday
821,3/4/15,10:00:00,105,10,Wednesday
822,3/4/15,11:00:00,52,10,Wednesday
823,3/4/15,12:00:00,76,10,Wednesday
824,3/4/15,13:00:00,150,10,Wednesday
825,3/4/15,14:00:00,174,10,Wednesday
826,3/4/15,15:00:00,45,10,Wednesday
827,3/4/15,16:00:00,89,10,Wednesday
828,3/4/15,17:00:00,114,10,Wednesday
829,3/4/15,18:00:00,48,10,Wednesday
830,3/4/15,19:00:00,63,10,Wednesday
831,3/4/15,20:00:00,158,10,Wednesday
832,3/4/15,21:00:00,226,10,Wednesday
833,3/5/15,6:00:00,16,10,Thursday
834,3/5/15,7:00:00,44,10,Thursday
835,3/5/15,8:00:00,53,10,Thursday
836,3/5/15,9:00:00,119,10,Thursday
837,3/5/15,10:00:00,110,10,Thursday
838,3/5/15,11:00:00,73,10,Thursday
839,3/5/15,12:00:00,135,10,Thursday
840,3/5/15,13:00:00,142,10,Thursday
841,3/5/15,14:00:00,92,10,Thursday
842,3/5/15,15:00:00,46,10,Thursday
843,3/5/15,16:00:00,43,10,Thursday
844,3/5/15,17:00:00,71,10,Thursday
845,3/5/15,18:00:00,77,10,Thursday
846,3/5/15,19:00:00,148,10,Thursday
847,3/5/15,20:00:00,145,10,Thursday
848,3/5/15,21:00:00,190,10,Thursday
849,3/6/15,6:00:00,32,10,Friday
850,3/6/15,7:00:00,39,10,Friday
851,3/6/15,8:00:00,62,10,Friday
852,3/6/15,9:00:00,85,10,Friday
853,3/6/15,10:00:00,84,10,Friday
854,3/6/15,11:00:00,19,10,Friday
855,3/6/15,12:00:00,81,10,Friday
856,3/6/15,13:00:00,127,10,Friday
857,3/6/15,14:00:00,98,10,Friday
858,3/6/15,15:00:00,73,10,Friday
859,3/6/15,16:00:00,49,10,Friday
860,3/6/15,17:00:00,45,10,Friday
861,3/6/15,18:00:00,48,10,Friday
862,3/6/15,19:00:00,80,10,Friday
863,3/6/15,20:00:00,127,10,Friday
864,3/6/15,21:00:00,109,10,Friday
865,3/7/15,6:00:00,13,10,Saturday
866,3/7/15,7:00:00,19,10,Saturday
867,3/7/15,8:00:00,42,10,Saturday
868,3/7/15,9:00:00,85,10,Saturday
869,3/7/15,10:00:00,42,10,Saturday
870,3/7/15,11:00:00,58,10,Saturday
871,3/7/15,12:00:00,101,10,Saturday
872,3/7/15,13:00:00,143,10,Saturday
873,3/7/15,14:00:00,124,10,Saturday
874,3/7/15,15:00:00,73,10,Saturday
875,3/7/15,16:00:00,50,10,Saturday
876,3/7/15,17:00:00,54,10,Saturday
877,3/7/15,18:00:00,71,10,Saturday
878,3/7/15,19:00:00,95,10,Saturday
879,3/7/15,20:00:00,134,10,Saturday
880,3/7/15,21:00:00,96,10,Saturday
881,3/8/15,6:00:00,20,10,Sunday
882,3/8/15,7:00:00,23,10,Sunday
883,3/8/15,8:00:00,32,10,Sunday
884,3/8/15,9:00:00,94,10,Sunday
885,3/8/15,10:00:00,70,10,Sunday
886,3/8/15,11:00:00,50,10,Sunday
887,3/8/15,12:00:00,69,10,Sunday
888,3/8/15,13:00:00,89,10,Sunday
889,3/8/15,14:00:00,113,10,Sunday
890,3/8/15,15:00:00,110,10,Sunday
891,3/8/15,16:00:00,37,10,Sunday
892,3/8/15,17:00:00,50,10,Sunday
893,3/8/15,18:00:00,97,10,Sunday
894,3/8/15,19:00:00,59,10,Sunday
895,3/8/15,20:00:00,115,10,Sunday
896,3/8/15,21:00:00,134,10,Sunday
897,3/9/15,6:00:00,3,11,Monday
898,3/9/15,7:00:00,17,11,Monday
899,3/9/15,8:00:00,35,11,Monday
900,3/9/15,9:00:00,49,11,Monday
901,3/9/15,10:00:00,91,11,Monday
902,3/9/15,11:00:00,72,11,Monday
903,3/9/15,12:00:00,72,11,Monday
904,3/9/15,13:00:00,122,11,Monday
905,3/9/15,14:00:00,108,11,Monday
906,3/9/15,15:00:00,82,11,Monday
907,3/9/15,16:00:00,73,11,Monday
908,3/9/15,17:00:00,41,11,Monday
909,3/9/15,18:00:00,61,11,Monday
910,3/9/15,19:00:00,89,11,Monday
911,3/9/15,20:00:00,134,11,Monday
912,3/9/15,21:00:00,107,11,Monday
913,3/10/15,6:00:00,33,11,Tuesday
914,3/10/15,7:00:00,35,11,Tuesday
915,3/10/15,8:00:00,22,11,Tuesday
916,3/10/15,9:00:00,53,11,Tuesday
917,3/10/15,10:00:00,74,11,Tuesday
918,3/10/15,11:00:00,70,11,Tuesday
919,3/10/15,12:00:00,72,11,Tuesday
920,3/10/15,13:00:00,87,11,Tuesday
921,3/10/15,14:00:00,99,11,Tuesday
922,3/10/15,15:00:00,120,11,Tuesday
923,3/10/15,16:00:00,88,11,Tuesday
924,3/10/15,17:00:00,80,11,Tuesday
925,3/10/15,18:00:00,83,11,Tuesday
926,3/10/15,19:00:00,100,11,Tuesday
927,3/10/15,20:00:00,147,11,Tuesday
928,3/10/15,21:00:00,149,11,Tuesday
929,3/11/15,6:00:00,91,11,Wednesday
930,3/11/15,7:00:00,32,11,Wednesday
931,3/11/15,8:00:00,17,11,Wednesday
932,3/11/15,9:00:00,38,11,Wednesday
933,3/11/15,10:00:00,65,11,Wednesday
934,3/11/15,11:00:00,55,11,Wednesday
935,3/11/15,12:00:00,57,11,Wednesday
936,3/11/15,13:00:00,67,11,Wednesday
937,3/11/15,14:00:00,112,11,Wednesday
938,3/11/15,15:00:00,102,11,Wednesday
939,3/11/15,16:00:00,93,11,Wednesday
940,3/11/15,17:00:00,92,11,Wednesday
941,3/11/15,18:00:00,66,11,Wednesday
942,3/11/15,19:00:00,82,11,Wednesday
943,3/11/15,20:00:00,130,11,Wednesday
944,3/11/15,21:00:00,140,11,Wednesday
945,3/12/15,6:00:00,28,11,Thursday
946,3/12/15,7:00:00,24,11,Thursday
947,3/12/15,8:00:00,46,11,Thursday
948,3/12/15,9:00:00,71,11,Thursday
949,3/12/15,10:00:00,90,11,Thursday
950,3/12/15,11:00:00,58,11,Thursday
951,3/12/15,12:00:00,31,11,Thursday
952,3/12/15,13:00:00,87,11,Thursday
953,3/12/15,14:00:00,116,11,Thursday
954,3/12/15,15:00:00,137,11,Thursday
955,3/12/15,16:00:00,64,11,Thursday
956,3/12/15,17:00:00,69,11,Thursday
957,3/12/15,18:00:00,78,11,Thursday
958,3/12/15,19:00:00,77,11,Thursday
959,3/12/15,20:00:00,179,11,Thursday
960,3/12/15,21:00:00,103,11,Thursday
961,3/13/15,6:00:00,6,11,Friday
962,3/13/15,7:00:00,21,11,Friday
963,3/13/15,8:00:00,22,11,Friday
964,3/13/15,9:00:00,52,11,Friday
965,3/13/15,10:00:00,109,11,Friday
966,3/13/15,11:00:00,17,11,Friday
967,3/13/15,12:00:00,14,11,Friday
968,3/13/15,13:00:00,68,11,Friday
969,3/13/15,14:00:00,96,11,Friday
970,3/13/15,15:00:00,113,11,Friday
971,3/13/15,16:00:00,70,11,Friday
972,3/13/15,17:00:00,60,11,Friday
973,3/13/15,18:00:00,43,11,Friday
974,3/13/15,19:00:00,77,11,Friday
975,3/13/15,20:00:00,116,11,Friday
976,3/13/15,21:00:00,115,11,Friday
977,3/14/15,6:00:00,6,11,Saturday
978,3/14/15,7:00:00,27,11,Saturday
979,3/14/15,8:00:00,23,11,Saturday
980,3/14/15,9:00:00,53,11,Saturday
981,3/14/15,10:00:00,47,11,Saturday
982,3/14/15,11:00:00,38,11,Saturday
983,3/14/15,12:00:00,34,11,Saturday
984,3/14/15,13:00:00,97,11,Saturday
985,3/14/15,14:00:00,107,11,Saturday
986,3/14/15,15:00:00,112,11,Saturday
987,3/14/15,16:00:00,61,11,Saturday
988,3/14/15,17:00:00,54,11,Saturday
989,3/14/15,18:00:00,95,11,Saturday
990,3/14/15,19:00:00,111,11,Saturday
991,3/14/15,20:00:00,115,11,Saturday
992,3/14/15,21:00:00,191,11,Saturday
993,3/15/15,6:00:00,6,11,Sunday
994,3/15/15,7:00:00,9,11,Sunday
995,3/15/15,8:00:00,35,11,Sunday
996,3/15/15,9:00:00,82,11,Sunday
997,3/15/15,10:00:00,115,11,Sunday
998,3/15/15,11:00:00,109,11,Sunday
999,3/15/15,12:00:00,39,11,Sunday
1000,3/15/15,13:00:00,110,11,Sunday
1001,3/15/15,14:00:00,117,11,Sunday
1002,3/15/15,15:00:00,149,11,Sunday
1003,3/15/15,16:00:00,88,11,Sunday
1004,3/15/15,17:00:00,44,11,Sunday
1005,3/15/15,18:00:00,81,11,Sunday
1006,3/15/15,19:00:00,88,11,Sunday
1007,3/15/15,20:00:00,121,11,Sunday
1008,3/15/15,21:00:00,148,11,Sunday
1009,3/16/15,6:00:00,9,12,Monday
1010,3/16/15,7:00:00,46,12,Monday
1011,3/16/15,8:00:00,44,12,Monday
1012,3/16/15,9:00:00,65,12,Monday
1013,3/16/15,10:00:00,110,12,Monday
1014,3/16/15,11:00:00,111,12,Monday
1015,3/16/15,12:00:00,66,12,Monday
1016,3/16/15,13:00:00,168,12,Monday
1017,3/16/15,14:00:00,111,12,Monday
1018,3/16/15,15:00:00,121,12,Monday
1019,3/16/15,16:00:00,97,12,Monday
1020,3/16/15,17:00:00,63,12,Monday
1021,3/16/15,18:00:00,60,12,Monday
1022,3/16/15,19:00:00,91,12,Monday
1023,3/16/15,20:00:00,126,12,Monday
1024,3/16/15,21:00:00,176,12,Monday
1025,3/17/15,6:00:00,7,12,Tuesday
1026,3/17/15,7:00:00,28,12,Tuesday
1027,3/17/15,8:00:00,32,12,Tuesday
1028,3/17/15,9:00:00,80,12,Tuesday
1029,3/17/15,10:00:00,60,12,Tuesday
1030,3/17/15,11:00:00,76,12,Tuesday
1031,3/17/15,12:00:00,44,12,Tuesday
1032,3/17/15,13:00:00,143,12,Tuesday
1033,3/17/15,14:00:00,78,12,Tuesday
1034,3/17/15,15:00:00,97,12,Tuesday
1035,3/17/15,16:00:00,77,12,Tuesday
1036,3/17/15,17:00:00,95,12,Tuesday
1037,3/17/15,18:00:00,60,12,Tuesday
1038,3/17/15,19:00:00,99,12,Tuesday
1039,3/17/15,20:00:00,175,12,Tuesday
1040,3/17/15,21:00:00,163,12,Tuesday
1041,3/18/15,6:00:00,0,12,Wednesday
1042,3/18/15,7:00:00,44,12,Wednesday
1043,3/18/15,8:00:00,32,12,Wednesday
1044,3/18/15,9:00:00,44,12,Wednesday
1045,3/18/15,10:00:00,106,12,Wednesday
1046,3/18/15,11:00:00,83,12,Wednesday
1047,3/18/15,12:00:00,62,12,Wednesday
1048,3/18/15,13:00:00,93,12,Wednesday
1049,3/18/15,14:00:00,173,12,Wednesday
1050,3/18/15,15:00:00,97,12,Wednesday
1051,3/18/15,16:00:00,84,12,Wednesday
1052,3/18/15,17:00:00,84,12,Wednesday
1053,3/18/15,18:00:00,93,12,Wednesday
1054,3/18/15,19:00:00,77,12,Wednesday
1055,3/18/15,20:00:00,134,12,Wednesday
1056,3/18/15,21:00:00,198,12,Wednesday
1057,3/19/15,6:00:00,6,12,Thursday
1058,3/19/15,7:00:00,47,12,Thursday
1059,3/19/15,8:00:00,37,12,Thursday
1060,3/19/15,9:00:00,47,12,Thursday
1061,3/19/15,10:00:00,70,12,Thursday
1062,3/19/15,11:00:00,41,12,Thursday
1063,3/19/15,12:00:00,49,12,Thursday
1064,3/19/15,13:00:00,86,12,Thursday
1065,3/19/15,14:00:00,75,12,Thursday
1066,3/19/15,15:00:00,104,12,Thursday
1067,3/19/15,16:00:00,58,12,Thursday
1068,3/19/15,17:00:00,47,12,Thursday
1069,3/19/15,18:00:00,74,12,Thursday
1070,3/19/15,19:00:00,108,12,Thursday
1071,3/19/15,20:00:00,194,12,Thursday
1072,3/19/15,21:00:00,94,12,Thursday
1073,3/20/15,6:00:00,3,12,Friday
1074,3/20/15,7:00:00,39,12,Friday
1075,3/20/15,8:00:00,43,12,Friday
1076,3/20/15,9:00:00,64,12,Friday
1077,3/20/15,10:00:00,87,12,Friday
1078,3/20/15,11:00:00,41,12,Friday
1079,3/20/15,12:00:00,38,12,Friday
1080,3/20/15,13:00:00,46,12,Friday
1081,3/20/15,14:00:00,128,12,Friday
1082,3/20/15,15:00:00,151,12,Friday
1083,3/20/15,16:00:00,49,12,Friday
1084,3/20/15,17:00:00,49,12,Friday
1085,3/20/15,18:00:00,54,12,Friday
1086,3/20/15,19:00:00,84,12,Friday
1087,3/20/15,20:00:00,101,12,Friday
1088,3/20/15,21:00:00,124,12,Friday
1089,3/21/15,6:00:00,6,12,Saturday
1090,3/21/15,7:00:00,10,12,Saturday
1091,3/21/15,8:00:00,28,12,Saturday
1092,3/21/15,9:00:00,45,12,Saturday
1093,3/21/15,10:00:00,81,12,Saturday
1094,3/21/15,11:00:00,42,12,Saturday
1095,3/21/15,12:00:00,56,12,Saturday
1096,3/21/15,13:00:00,91,12,Saturday
1097,3/21/15,14:00:00,127,12,Saturday
1098,3/21/15,15:00:00,123,12,Saturday
1099,3/21/15,16:00:00,72,12,Saturday
1100,3/21/15,17:00:00,47,12,Saturday
1101,3/21/15,18:00:00,86,12,Saturday
1102,3/21/15,19:00:00,114,12,Saturday
1103,3/21/15,20:00:00,127,12,Saturday
1104,3/21/15,21:00:00,132,12,Saturday
1105,3/22/15,7:00:00,29,12,Sunday
1106,3/22/15,8:00:00,21,12,Sunday
1107,3/22/15,9:00:00,38,12,Sunday
1108,3/22/15,10:00:00,126,12,Sunday
1109,3/22/15,11:00:00,71,12,Sunday
1110,3/22/15,12:00:00,59,12,Sunday
1111,3/22/15,13:00:00,69,12,Sunday
1112,3/22/15,14:00:00,114,12,Sunday
1113,3/22/15,15:00:00,103,12,Sunday
1114,3/22/15,16:00:00,49,12,Sunday
1115,3/22/15,17:00:00,33,12,Sunday
1116,3/22/15,18:00:00,76,12,Sunday
1117,3/22/15,19:00:00,100,12,Sunday
1118,3/22/15,20:00:00,113,12,Sunday
1119,3/22/15,21:00:00,191,12,Sunday
1120,3/23/15,6:00:00,10,13,Monday
1121,3/23/15,7:00:00,27,13,Monday
1122,3/23/15,8:00:00,31,13,Monday
1123,3/23/15,9:00:00,60,13,Monday
1124,3/23/15,10:00:00,85,13,Monday
1125,3/23/15,11:00:00,84,13,Monday
1126,3/23/15,12:00:00,67,13,Monday
1127,3/23/15,13:00:00,94,13,Monday
1128,3/23/15,14:00:00,110,13,Monday
1129,3/23/15,15:00:00,112,13,Monday
1130,3/23/15,16:00:00,87,13,Monday
1131,3/23/15,17:00:00,57,13,Monday
1132,3/23/15,18:00:00,82,13,Monday
1133,3/23/15,19:00:00,101,13,Monday
1134,3/23/15,20:00:00,128,13,Monday
1135,3/23/15,21:00:00,160,13,Monday
1136,3/24/15,6:00:00,16,13,Tuesday
1137,3/24/15,7:00:00,23,13,Tuesday
1138,3/24/15,8:00:00,43,13,Tuesday
1139,3/24/15,9:00:00,62,13,Tuesday
1140,3/24/15,10:00:00,141,13,Tuesday
1141,3/24/15,11:00:00,85,13,Tuesday
1142,3/24/15,12:00:00,88,13,Tuesday
1143,3/24/15,13:00:00,104,13,Tuesday
1144,3/24/15,14:00:00,132,13,Tuesday
1145,3/24/15,15:00:00,116,13,Tuesday
1146,3/24/15,16:00:00,91,13,Tuesday
1147,3/24/15,17:00:00,33,13,Tuesday
1148,3/24/15,18:00:00,79,13,Tuesday
1149,3/24/15,19:00:00,156,13,Tuesday
1150,3/24/15,20:00:00,163,13,Tuesday
1151,3/24/15,21:00:00,149,13,Tuesday
1152,3/25/15,6:00:00,7,13,Wednesday
1153,3/25/15,7:00:00,48,13,Wednesday
1154,3/25/15,8:00:00,52,13,Wednesday
1155,3/25/15,9:00:00,56,13,Wednesday
1156,3/25/15,10:00:00,109,13,Wednesday
1157,3/25/15,11:00:00,99,13,Wednesday
1158,3/25/15,12:00:00,73,13,Wednesday
1159,3/25/15,13:00:00,141,13,Wednesday
1160,3/25/15,14:00:00,158,13,Wednesday
1161,3/25/15,15:00:00,183,13,Wednesday
1162,3/25/15,16:00:00,86,13,Wednesday
1163,3/25/15,17:00:00,88,13,Wednesday
1164,3/25/15,18:00:00,63,13,Wednesday
1165,3/25/15,19:00:00,96,13,Wednesday
1166,3/25/15,20:00:00,173,13,Wednesday
1167,3/25/15,21:00:00,178,13,Wednesday
1168,3/26/15,6:00:00,7,13,Thursday
1169,3/26/15,7:00:00,45,13,Thursday
1170,3/26/15,8:00:00,14,13,Thursday
1171,3/26/15,9:00:00,53,13,Thursday
1172,3/26/15,10:00:00,101,13,Thursday
1173,3/26/15,11:00:00,53,13,Thursday
1174,3/26/15,12:00:00,95,13,Thursday
1175,3/26/15,13:00:00,97,13,Thursday
1176,3/26/15,14:00:00,98,13,Thursday
1177,3/26/15,15:00:00,75,13,Thursday
1178,3/26/15,16:00:00,17,13,Thursday
1179,3/26/15,17:00:00,72,13,Thursday
1180,3/26/15,18:00:00,76,13,Thursday
1181,3/26/15,19:00:00,142,13,Thursday
1182,3/26/15,20:00:00,84,13,Thursday
1183,3/26/15,21:00:00,146,13,Thursday
1184,3/27/15,6:00:00,0,13,Friday
1185,3/27/15,7:00:00,38,13,Friday
1186,3/27/15,8:00:00,55,13,Friday
1187,3/27/15,9:00:00,80,13,Friday
1188,3/27/15,10:00:00,82,13,Friday
1189,3/27/15,11:00:00,45,13,Friday
1190,3/27/15,12:00:00,56,13,Friday
1191,3/27/15,13:00:00,82,13,Friday
1192,3/27/15,14:00:00,109,13,Friday
1193,3/27/15,15:00:00,119,13,Friday
1194,3/27/15,16:00:00,22,13,Friday
1195,3/27/15,17:00:00,31,13,Friday
1196,3/27/15,18:00:00,48,13,Friday
1197,3/27/15,19:00:00,83,13,Friday
1198,3/27/15,20:00:00,112,13,Friday
1199,3/27/15,21:00:00,105,13,Friday
1200,3/28/15,7:00:00,51,13,Saturday
1201,3/28/15,8:00:00,34,13,Saturday
1202,3/28/15,9:00:00,47,13,Saturday
1203,3/28/15,10:00:00,100,13,Saturday
1204,3/28/15,11:00:00,7,13,Saturday
1205,3/28/15,12:00:00,75,13,Saturday
1206,3/28/15,13:00:00,106,13,Saturday
1207,3/28/15,14:00:00,104,13,Saturday
1208,3/28/15,15:00:00,117,13,Saturday
1209,3/28/15,16:00:00,77,13,Saturday
1210,3/28/15,17:00:00,53,13,Saturday
1211,3/28/15,18:00:00,19,13,Saturday
1212,3/28/15,19:00:00,98,13,Saturday
1213,3/28/15,20:00:00,109,13,Saturday
1214,3/28/15,21:00:00,136,13,Saturday
1215,3/29/15,6:00:00,6,13,Sunday
1216,3/29/15,7:00:00,36,13,Sunday
1217,3/29/15,8:00:00,66,13,Sunday
1218,3/29/15,9:00:00,60,13,Sunday
1219,3/29/15,10:00:00,112,13,Sunday
1220,3/29/15,11:00:00,109,13,Sunday
1221,3/29/15,12:00:00,54,13,Sunday
1222,3/29/15,13:00:00,73,13,Sunday
1223,3/29/15,14:00:00,175,13,Sunday
1224,3/29/15,15:00:00,171,13,Sunday
1225,3/29/15,16:00:00,54,13,Sunday
1226,3/29/15,17:00:00,55,13,Sunday
1227,3/29/15,18:00:00,23,13,Sunday
1228,3/29/15,19:00:00,58,13,Sunday
1229,3/29/15,20:00:00,147,13,Sunday
1230,3/29/15,21:00:00,139,13,Sunday
1231,3/30/15,6:00:00,19,14,Monday
1232,3/30/15,7:00:00,52,14,Monday
1233,3/30/15,8:00:00,40,14,Monday
1234,3/30/15,9:00:00,74,14,Monday
1235,3/30/15,10:00:00,107,14,Monday
1236,3/30/15,11:00:00,135,14,Monday
1237,3/30/15,12:00:00,149,14,Monday
1238,3/30/15,13:00:00,179,14,Monday
1239,3/30/15,14:00:00,126,14,Monday
1240,3/30/15,15:00:00,116,14,Monday
1241,3/30/15,16:00:00,103,14,Monday
1242,3/30/15,17:00:00,96,14,Monday
1243,3/30/15,18:00:00,92,14,Monday
1244,3/30/15,19:00:00,80,14,Monday
1245,3/30/15,20:00:00,111,14,Monday
1246,3/30/15,21:00:00,112,14,Monday
1247,3/31/15,6:00:00,21,14,Tuesday
1248,3/31/15,7:00:00,22,14,Tuesday
1249,3/31/15,8:00:00,53,14,Tuesday
1250,3/31/15,9:00:00,41,14,Tuesday
1251,3/31/15,10:00:00,94,14,Tuesday
1252,3/31/15,11:00:00,111,14,Tuesday
1253,3/31/15,12:00:00,86,14,Tuesday
1254,3/31/15,13:00:00,100,14,Tuesday
1255,3/31/15,14:00:00,116,14,Tuesday
1256,3/31/15,15:00:00,102,14,Tuesday
1257,3/31/15,16:00:00,62,14,Tuesday
1258,3/31/15,17:00:00,46,14,Tuesday
1259,3/31/15,18:00:00,38,14,Tuesday
1260,3/31/15,19:00:00,126,14,Tuesday
1261,3/31/15,20:00:00,122,14,Tuesday
1262,3/31/15,21:00:00,145,14,Tuesday
1263,4/1/15,6:00:00,12,14,Wednesday
1264,4/1/15,7:00:00,52,14,Wednesday
1265,4/1/15,8:00:00,48,14,Wednesday
1266,4/1/15,9:00:00,81,14,Wednesday
1267,4/1/15,10:00:00,115,14,Wednesday
1268,4/1/15,11:00:00,109,14,Wednesday
1269,4/1/15,12:00:00,97,14,Wednesday
1270,4/1/15,13:00:00,124,14,Wednesday
1271,4/1/15,14:00:00,175,14,Wednesday
1272,4/1/15,15:00:00,112,14,Wednesday
1273,4/1/15,16:00:00,75,14,Wednesday
1274,4/1/15,17:00:00,120,14,Wednesday
1275,4/1/15,18:00:00,86,14,Wednesday
1276,4/1/15,19:00:00,85,14,Wednesday
1277,4/1/15,20:00:00,182,14,Wednesday
1278,4/1/15,21:00:00,153,14,Wednesday
1279,4/2/15,6:00:00,6,14,Thursday
1280,4/2/15,7:00:00,42,14,Thursday
1281,4/2/15,8:00:00,30,14,Thursday
1282,4/2/15,9:00:00,76,14,Thursday
1283,4/2/15,10:00:00,95,14,Thursday
1284,4/2/15,11:00:00,85,14,Thursday
1285,4/2/15,12:00:00,124,14,Thursday
1286,4/2/15,13:00:00,95,14,Thursday
1287,4/2/15,14:00:00,160,14,Thursday
1288,4/2/15,15:00:00,83,14,Thursday
1289,4/2/15,16:00:00,69,14,Thursday
1290,4/2/15,17:00:00,102,14,Thursday
1291,4/2/15,18:00:00,45,14,Thursday
1292,4/2/15,19:00:00,85,14,Thursday
1293,4/2/15,20:00:00,108,14,Thursday
1294,4/2/15,21:00:00,165,14,Thursday
1295,4/3/15,6:00:00,17,14,Friday
1296,4/3/15,7:00:00,17,14,Friday
1297,4/3/15,8:00:00,43,14,Friday
1298,4/3/15,9:00:00,58,14,Friday
1299,4/3/15,10:00:00,78,14,Friday
1300,4/3/15,11:00:00,60,14,Friday
1301,4/3/15,12:00:00,53,14,Friday
1302,4/3/15,13:00:00,74,14,Friday
1303,4/3/15,14:00:00,129,14,Friday
1304,4/3/15,15:00:00,131,14,Friday
1305,4/3/15,16:00:00,76,14,Friday
1306,4/3/15,17:00:00,45,14,Friday
1307,4/3/15,18:00:00,58,14,Friday
1308,4/3/15,19:00:00,69,14,Friday
1309,4/3/15,20:00:00,122,14,Friday
1310,4/3/15,21:00:00,84,14,Friday
1311,4/4/15,9:00:00,18,14,Saturday
1312,4/4/15,10:00:00,58,14,Saturday
1313,4/4/15,11:00:00,101,14,Saturday
1314,4/4/15,12:00:00,101,14,Saturday
1315,4/4/15,13:00:00,119,14,Saturday
1316,4/4/15,14:00:00,143,14,Saturday
1317,4/4/15,15:00:00,148,14,Saturday
1318,4/4/15,16:00:00,55,14,Saturday
1319,4/4/15,17:00:00,53,14,Saturday
1320,4/4/15,18:00:00,43,14,Saturday
1321,4/4/15,19:00:00,74,14,Saturday
1322,4/4/15,20:00:00,134,14,Saturday
1323,4/4/15,21:00:00,139,14,Saturday
1324,4/5/15,6:00:00,5,14,Sunday
1325,4/5/15,7:00:00,39,14,Sunday
1326,4/5/15,8:00:00,47,14,Sunday
1327,4/5/15,9:00:00,72,14,Sunday
1328,4/5/15,10:00:00,98,14,Sunday
1329,4/5/15,11:00:00,71,14,Sunday
1330,4/5/15,12:00:00,95,14,Sunday
1331,4/5/15,13:00:00,92,14,Sunday
1332,4/5/15,14:00:00,144,14,Sunday
1333,4/5/15,15:00:00,131,14,Sunday
1334,4/5/15,16:00:00,81,14,Sunday
1335,4/5/15,17:00:00,55,14,Sunday
1336,4/5/15,18:00:00,33,14,Sunday
1337,4/5/15,19:00:00,138,14,Sunday
1338,4/5/15,20:00:00,139,14,Sunday
1339,4/5/15,21:00:00,144,14,Sunday
1340,4/6/15,6:00:00,12,15,Monday
1341,4/6/15,7:00:00,28,15,Monday
1342,4/6/15,8:00:00,31,15,Monday
1343,4/6/15,9:00:00,76,15,Monday
1344,4/6/15,10:00:00,101,15,Monday
1345,4/6/15,11:00:00,97,15,Monday
1346,4/6/15,12:00:00,94,15,Monday
1347,4/6/15,13:00:00,107,15,Monday
1348,4/6/15,14:00:00,177,15,Monday
1349,4/6/15,15:00:00,105,15,Monday
1350,4/6/15,16:00:00,107,15,Monday
1351,4/6/15,17:00:00,115,15,Monday
1352,4/6/15,18:00:00,81,15,Monday
1353,4/6/15,19:00:00,81,15,Monday
1354,4/6/15,20:00:00,181,15,Monday
1355,4/6/15,21:00:00,161,15,Monday
1356,4/7/15,7:00:00,29,15,Tuesday
1357,4/7/15,8:00:00,51,15,Tuesday
1358,4/7/15,9:00:00,39,15,Tuesday
1359,4/7/15,10:00:00,93,15,Tuesday
1360,4/7/15,11:00:00,154,15,Tuesday
1361,4/7/15,12:00:00,82,15,Tuesday
1362,4/7/15,13:00:00,113,15,Tuesday
1363,4/7/15,14:00:00,136,15,Tuesday
1364,4/7/15,15:00:00,124,15,Tuesday
1365,4/7/15,16:00:00,63,15,Tuesday
1366,4/7/15,17:00:00,69,15,Tuesday
1367,4/7/15,18:00:00,44,15,Tuesday
1368,4/7/15,19:00:00,94,15,Tuesday
1369,4/7/15,20:00:00,173,15,Tuesday
1370,4/7/15,21:00:00,153,15,Tuesday
1371,4/8/15,6:00:00,4,15,Wednesday
1372,4/8/15,7:00:00,16,15,Wednesday
1373,4/8/15,8:00:00,32,15,Wednesday
1374,4/8/15,9:00:00,63,15,Wednesday
1375,4/8/15,10:00:00,94,15,Wednesday
1376,4/8/15,11:00:00,129,15,Wednesday
1377,4/8/15,12:00:00,97,15,Wednesday
1378,4/8/15,13:00:00,193,15,Wednesday
1379,4/8/15,14:00:00,133,15,Wednesday
1380,4/8/15,15:00:00,160,15,Wednesday
1381,4/8/15,16:00:00,94,15,Wednesday
1382,4/8/15,17:00:00,71,15,Wednesday
1383,4/8/15,18:00:00,77,15,Wednesday
1384,4/8/15,19:00:00,135,15,Wednesday
1385,4/8/15,20:00:00,191,15,Wednesday
1386,4/8/15,21:00:00,137,15,Wednesday
1387,4/9/15,6:00:00,8,15,Thursday
1388,4/9/15,7:00:00,28,15,Thursday
1389,4/9/15,8:00:00,31,15,Thursday
1390,4/9/15,9:00:00,39,15,Thursday
1391,4/9/15,10:00:00,125,15,Thursday
1392,4/9/15,11:00:00,139,15,Thursday
1393,4/9/15,12:00:00,89,15,Thursday
1394,4/9/15,13:00:00,98,15,Thursday
1395,4/9/15,14:00:00,159,15,Thursday
1396,4/9/15,15:00:00,124,15,Thursday
1397,4/9/15,16:00:00,45,15,Thursday
1398,4/9/15,17:00:00,46,15,Thursday
1399,4/9/15,18:00:00,37,15,Thursday
1400,4/9/15,19:00:00,125,15,Thursday
1401,4/9/15,20:00:00,158,15,Thursday
1402,4/9/15,21:00:00,171,15,Thursday
1403,4/10/15,6:00:00,3,15,Friday
1404,4/10/15,7:00:00,6,15,Friday
1405,4/10/15,8:00:00,45,15,Friday
1406,4/10/15,9:00:00,66,15,Friday
1407,4/10/15,10:00:00,76,15,Friday
1408,4/10/15,11:00:00,67,15,Friday
1409,4/10/15,12:00:00,77,15,Friday
1410,4/10/15,13:00:00,133,15,Friday
1411,4/10/15,14:00:00,160,15,Friday
1412,4/10/15,15:00:00,72,15,Friday
1413,4/10/15,16:00:00,65,15,Friday
1414,4/10/15,17:00:00,58,15,Friday
1415,4/10/15,18:00:00,89,15,Friday
1416,4/10/15,19:00:00,95,15,Friday
1417,4/10/15,20:00:00,141,15,Friday
1418,4/10/15,21:00:00,128,15,Friday
1419,4/11/15,6:00:00,5,15,Saturday
1420,4/11/15,7:00:00,34,15,Saturday
1421,4/11/15,8:00:00,30,15,Saturday
1422,4/11/15,9:00:00,37,15,Saturday
1423,4/11/15,10:00:00,72,15,Saturday
1424,4/11/15,11:00:00,75,15,Saturday
1425,4/11/15,12:00:00,80,15,Saturday
1426,4/11/15,13:00:00,135,15,Saturday
1427,4/11/15,14:00:00,92,15,Saturday
1428,4/11/15,15:00:00,114,15,Saturday
1429,4/11/15,16:00:00,60,15,Saturday
1430,4/11/15,17:00:00,63,15,Saturday
1431,4/11/15,18:00:00,27,15,Saturday
1432,4/11/15,19:00:00,90,15,Saturday
1433,4/11/15,20:00:00,177,15,Saturday
1434,4/11/15,21:00:00,133,15,Saturday
1435,4/12/15,6:00:00,7,15,Sunday
1436,4/12/15,7:00:00,20,15,Sunday
1437,4/12/15,8:00:00,73,15,Sunday
1438,4/12/15,9:00:00,58,15,Sunday
1439,4/12/15,10:00:00,88,15,Sunday
1440,4/12/15,11:00:00,101,15,Sunday
1441,4/12/15,12:00:00,73,15,Sunday
1442,4/12/15,13:00:00,98,15,Sunday
1443,4/12/15,14:00:00,149,15,Sunday
1444,4/12/15,15:00:00,128,15,Sunday
1445,4/12/15,16:00:00,55,15,Sunday
1446,4/12/15,17:00:00,44,15,Sunday
1447,4/12/15,18:00:00,54,15,Sunday
1448,4/12/15,19:00:00,78,15,Sunday
1449,4/12/15,20:00:00,91,15,Sunday
1450,4/12/15,21:00:00,128,15,Sunday
1451,4/13/15,7:00:00,11,16,Monday
1452,4/13/15,8:00:00,33,16,Monday
1453,4/13/15,9:00:00,67,16,Monday
1454,4/13/15,10:00:00,115,16,Monday
1455,4/13/15,11:00:00,97,16,Monday
1456,4/13/15,12:00:00,134,16,Monday
1457,4/13/15,13:00:00,142,16,Monday
1458,4/13/15,14:00:00,147,16,Monday
1459,4/13/15,15:00:00,169,16,Monday
1460,4/13/15,16:00:00,65,16,Monday
1461,4/13/15,17:00:00,67,16,Monday
1462,4/13/15,18:00:00,99,16,Monday
1463,4/13/15,19:00:00,91,16,Monday
1464,4/13/15,20:00:00,124,16,Monday
1465,4/13/15,21:00:00,135,16,Monday
1466,4/14/15,6:00:00,83,16,Tuesday
1467,4/14/15,7:00:00,16,16,Tuesday
1468,4/14/15,8:00:00,23,16,Tuesday
1469,4/14/15,9:00:00,32,16,Tuesday
1470,4/14/15,10:00:00,97,16,Tuesday
1471,4/14/15,11:00:00,108,16,Tuesday
1472,4/14/15,12:00:00,95,16,Tuesday
1473,4/14/15,13:00:00,127,16,Tuesday
1474,4/14/15,14:00:00,142,16,Tuesday
1475,4/14/15,15:00:00,152,16,Tuesday
1476,4/14/15,16:00:00,60,16,Tuesday
1477,4/14/15,17:00:00,107,16,Tuesday
1478,4/14/15,18:00:00,56,16,Tuesday
1479,4/14/15,19:00:00,113,16,Tuesday
1480,4/14/15,20:00:00,148,16,Tuesday
1481,4/14/15,21:00:00,160,16,Tuesday
1482,4/15/15,6:00:00,4,16,Wednesday
1483,4/15/15,7:00:00,13,16,Wednesday
1484,4/15/15,8:00:00,49,16,Wednesday
1485,4/15/15,9:00:00,31,16,Wednesday
1486,4/15/15,10:00:00,70,16,Wednesday
1487,4/15/15,11:00:00,142,16,Wednesday
1488,4/15/15,12:00:00,138,16,Wednesday
1489,4/15/15,13:00:00,183,16,Wednesday
1490,4/15/15,14:00:00,148,16,Wednesday
1491,4/15/15,15:00:00,154,16,Wednesday
1492,4/15/15,16:00:00,127,16,Wednesday
1493,4/15/15,17:00:00,83,16,Wednesday
1494,4/15/15,18:00:00,130,16,Wednesday
1495,4/15/15,19:00:00,129,16,Wednesday
1496,4/15/15,20:00:00,146,16,Wednesday
1497,4/15/15,21:00:00,142,16,Wednesday